neuron_idx,b_j,a_j,da_dt,db_dt,R_j,is_active,R_near_zero
130,-1.037388,-0.124844,1.100327e-03,1.117188e-04,-8.948707e-04,1,1
625,-1.034045,-0.114482,1.097336e-03,1.024464e-04,-8.948707e-04,1,1
998,-1.028813,-0.111875,1.092654e-03,1.001135e-04,-8.948707e-04,1,1
187,-1.024537,-0.105328,1.088827e-03,9.425478e-05,-8.948707e-04,1,1
219,-1.018925,-0.100766,1.083805e-03,9.017223e-05,-8.948707e-04,1,1
447,-1.017782,-0.108341,1.082782e-03,9.695099e-05,-8.948707e-04,1,1
999,-1.015081,-0.094535,1.080365e-03,8.459686e-05,-8.948707e-04,1,1
590,-1.014605,-0.098299,1.079939e-03,8.796530e-05,-8.948707e-04,1,1
605,-1.011579,-0.081940,1.077232e-03,7.332592e-05,-8.948707e-04,1,1
456,-1.008968,-0.096418,1.074895e-03,8.628183e-05,-8.948707e-04,1,1
835,-1.005262,-0.091474,1.071579e-03,8.185752e-05,-8.948707e-04,1,1
503,-1.004106,-0.088133,1.070544e-03,7.886771e-05,-8.948707e-04,1,1
674,-1.000000,-0.093969,1.066870e-03,8.409010e-05,-8.948707e-04,1,1
722,-1.000000,-0.097299,1.066870e-03,8.706986e-05,-8.948707e-04,1,1
928,-1.000000,-0.075164,1.066870e-03,4.933996e-05,-6.564318e-04,1,1
400,-1.000000,-0.093475,1.066870e-03,6.135975e-05,-6.564318e-04,1,1
450,-1.000000,-0.084964,1.066870e-03,5.577288e-05,-6.564318e-04,1,1
916,-1.000000,-0.078095,1.066870e-03,5.126430e-05,-6.564318e-04,1,1
217,-1.000000,-0.088868,1.066870e-03,5.833595e-05,-6.564318e-04,1,1
517,-1.000000,-0.093962,1.066870e-03,6.167973e-05,-6.564318e-04,1,1
280,-0.995351,-0.073657,1.063818e-03,4.835048e-05,-6.564318e-04,1,1
673,-0.993876,-0.075275,1.062849e-03,4.941310e-05,-6.564318e-04,1,1
139,-0.993241,-0.079661,1.062433e-03,5.229231e-05,-6.564318e-04,1,1
158,-0.992729,-0.078171,1.062097e-03,5.131399e-05,-6.564318e-04,1,1
206,-0.991044,-0.063366,1.060991e-03,4.159554e-05,-6.564318e-04,1,1
784,-0.988241,-0.058951,1.059369e-03,3.116285e-05,-5.286208e-04,1,1
43,-0.987857,-0.063864,1.059166e-03,3.376001e-05,-5.286208e-04,1,1
607,-0.985181,-0.067012,1.057752e-03,3.542402e-05,-5.286208e-04,1,1
945,-0.985119,-0.065868,1.057719e-03,3.481913e-05,-5.286208e-04,1,1
4,-0.984818,-0.060404,1.057559e-03,3.193105e-05,-5.286208e-04,1,1
714,-0.977174,-0.051724,1.053689e-03,2.411221e-05,-4.661717e-04,1,1
886,-0.970612,-0.042444,1.050630e-03,1.978636e-05,-4.661717e-04,1,1
484,-0.970144,-0.050371,1.050412e-03,2.348168e-05,-4.661717e-04,1,1
354,-0.968263,-0.044313,1.049557e-03,2.004253e-05,-4.522896e-04,1,1
126,-0.961339,-0.045436,1.046425e-03,2.055036e-05,-4.522896e-04,1,1
498,-0.959250,-0.043253,1.045470e-03,2.038243e-05,-4.712367e-04,1,1
120,-0.944704,-0.022367,1.038405e-03,1.147478e-05,-5.130283e-04,1,1
53,-0.944291,-0.023289,1.038193e-03,1.194772e-05,-5.130283e-04,1,1
570,-0.940448,-0.024977,1.036221e-03,1.281399e-05,-5.130283e-04,1,1
106,-0.939738,-0.011805,1.035857e-03,6.056337e-06,-5.130283e-04,1,1
530,-0.937062,-0.018463,1.034325e-03,1.058749e-05,-5.734575e-04,1,1
907,-0.935499,-0.016666,1.033429e-03,9.557008e-06,-5.734575e-04,1,1
169,-0.931203,-0.024942,1.030965e-03,1.430342e-05,-5.734575e-04,1,1
935,-0.928307,-0.021527,1.029212e-03,1.381913e-05,-6.419587e-04,1,1
987,-0.921821,-0.007241,1.025049e-03,4.648383e-06,-6.419587e-04,1,1
252,-0.916599,0.005339,1.021489e-03,-3.795940e-06,-7.109674e-04,0,1
768,-0.916413,-0.016005,1.021357e-03,1.137891e-05,-7.109674e-04,1,1
727,-0.906703,-0.003198,1.014268e-03,2.483231e-06,-7.763944e-04,0,1
117,-0.904733,-0.014856,1.012738e-03,1.153377e-05,-7.763944e-04,1,1
702,-0.901287,-0.009288,1.010063e-03,7.211209e-06,-7.763944e-04,1,1
6,-0.899125,0.011252,1.008363e-03,-9.383080e-06,-8.338990e-04,1,1
23,-0.896130,-0.013752,1.005865e-03,1.146772e-05,-8.338990e-04,1,1
325,-0.895452,-0.011583,1.005299e-03,9.659288e-06,-8.338990e-04,1,1
644,-0.893867,-0.002300,1.003978e-03,1.918223e-06,-8.338990e-04,0,1
429,-0.893129,-0.015406,1.003362e-03,1.284720e-05,-8.338990e-04,1,1
224,-0.890796,-0.003002,1.001417e-03,2.503009e-06,-8.338990e-04,0,1
415,-0.888644,-0.005027,9.995877e-04,4.411665e-06,-8.775480e-04,0,1
418,-0.887343,0.013209,9.984456e-04,-1.159141e-05,-8.775480e-04,1,1
420,-0.884399,0.022471,9.958621e-04,-1.971901e-05,-8.775480e-04,1,1
950,-0.881151,0.002454,9.930116e-04,-2.153928e-06,-8.775480e-04,0,1
764,-0.878872,0.016247,9.909983e-04,-1.467757e-05,-9.034190e-04,1,1
633,-0.878572,0.001351,9.907274e-04,-1.220189e-06,-9.034190e-04,0,1
715,-0.878222,0.016011,9.904112e-04,-1.446424e-05,-9.034190e-04,1,1
712,-0.877877,0.000443,9.900998e-04,-4.002552e-07,-9.034190e-04,0,1
750,-0.874153,-0.002030,9.867354e-04,1.833967e-06,-9.034190e-04,0,1
492,-0.873071,0.007827,9.857576e-04,-7.070832e-06,-9.034190e-04,1,1
785,-0.872926,0.017433,9.856266e-04,-1.574971e-05,-9.034190e-04,1,1
310,-0.871899,0.005344,9.846984e-04,-4.828024e-06,-9.034190e-04,0,1
399,-0.866794,0.020655,9.800613e-04,-1.886854e-05,-9.134954e-04,1,1
502,-0.866714,-0.004974,9.799880e-04,4.543973e-06,-9.134954e-04,0,1
308,-0.865868,0.014151,9.792149e-04,-1.292699e-05,-9.134954e-04,1,1
701,-0.865629,0.019089,9.789967e-04,-1.743765e-05,-9.134954e-04,1,1
983,-0.864164,0.008756,9.776589e-04,-7.999009e-06,-9.134954e-04,1,1
875,-0.862849,0.027120,9.764571e-04,-2.477387e-05,-9.134954e-04,1,1
95,-0.862098,-0.004583,9.757709e-04,4.186494e-06,-9.134954e-04,0,1
42,-0.861578,0.008647,9.752960e-04,-7.899274e-06,-9.134954e-04,1,1
197,-0.858894,0.011745,9.728453e-04,-1.069721e-05,-9.108005e-04,1,1
501,-0.858217,0.029174,9.722285e-04,-2.657176e-05,-9.108005e-04,1,1
643,-0.853769,-0.003764,9.681780e-04,3.428257e-06,-9.108005e-04,0,1
301,-0.846999,0.006327,9.620386e-04,-5.686558e-06,-8.988213e-04,1,1
14,-0.846868,-0.005238,9.619211e-04,4.708370e-06,-8.988213e-04,0,1
942,-0.846587,0.018404,9.616679e-04,-1.654221e-05,-8.988213e-04,1,1
840,-0.846469,0.011461,9.615618e-04,-1.030176e-05,-8.988213e-04,1,1
380,-0.844271,0.003842,9.595863e-04,-3.452893e-06,-8.988213e-04,0,1
689,-0.843515,0.016687,9.589071e-04,-1.499830e-05,-8.988213e-04,1,1
22,-0.841698,0.013087,9.572739e-04,-1.176254e-05,-8.988213e-04,1,1
753,-0.841031,0.023004,9.566747e-04,-2.067626e-05,-8.988213e-04,1,1
518,-0.840699,0.013496,9.563758e-04,-1.213018e-05,-8.988213e-04,1,1
822,-0.837098,0.035805,9.531843e-04,-3.141213e-05,-8.773182e-04,1,1
499,-0.836352,-0.001022,9.525297e-04,8.970218e-07,-8.773182e-04,0,1
302,-0.833385,0.020459,9.499269e-04,-1.794901e-05,-8.773182e-04,1,1
358,-0.829539,0.016330,9.465531e-04,-1.432626e-05,-8.773182e-04,1,1
654,-0.827532,0.039049,9.448342e-04,-3.323874e-05,-8.512005e-04,1,1
348,-0.826859,0.006009,9.442614e-04,-5.115217e-06,-8.512005e-04,0,1
629,-0.818575,0.024283,9.372248e-04,-1.997571e-05,-8.226306e-04,1,1
954,-0.816980,0.012539,9.359127e-04,-1.031461e-05,-8.226306e-04,1,1
145,-0.816791,0.021180,9.357576e-04,-1.742346e-05,-8.226306e-04,1,1
271,-0.813782,-0.000960,9.332815e-04,7.899862e-07,-8.226306e-04,0,1
279,-0.813293,0.009550,9.328793e-04,-7.855920e-06,-8.226306e-04,1,1
926,-0.811606,0.007818,9.314920e-04,-6.431276e-06,-8.226306e-04,1,1
332,-0.811400,0.014160,9.313221e-04,-1.164829e-05,-8.226306e-04,1,1
466,-0.808301,0.019499,9.287952e-04,-1.546002e-05,-7.928605e-04,1,1
513,-0.807665,0.004281,9.282910e-04,-3.394175e-06,-7.928605e-04,0,1
594,-0.806113,0.023731,9.270602e-04,-1.881575e-05,-7.928605e-04,1,1
858,-0.803179,0.007831,9.247344e-04,-6.209160e-06,-7.928605e-04,1,1
427,-0.802655,0.020231,9.243185e-04,-1.604033e-05,-7.928605e-04,1,1
227,-0.801572,0.002569,9.234604e-04,-2.037110e-06,-7.928605e-04,0,1
297,-0.796006,0.016327,9.191320e-04,-1.247951e-05,-7.643421e-04,1,1
974,-0.795730,0.008791,9.189211e-04,-6.718997e-06,-7.643421e-04,1,1
1,-0.795062,0.011866,9.184109e-04,-9.069484e-06,-7.643421e-04,1,1
790,-0.793425,0.017562,9.171596e-04,-1.342300e-05,-7.643421e-04,1,1
409,-0.793121,0.018410,9.169270e-04,-1.407139e-05,-7.643421e-04,1,1
166,-0.791334,0.021428,9.155614e-04,-1.637866e-05,-7.643421e-04,1,1
245,-0.790440,0.009843,9.148780e-04,-7.523117e-06,-7.643421e-04,1,1
462,-0.784410,0.006121,9.103850e-04,-4.521979e-06,-7.387335e-04,0,1
905,-0.782548,0.013583,9.090092e-04,-1.003410e-05,-7.387335e-04,1,1
898,-0.782418,0.025188,9.089133e-04,-1.860714e-05,-7.387335e-04,1,1
115,-0.780211,0.016074,9.072829e-04,-1.187437e-05,-7.387335e-04,1,1
923,-0.778456,0.006028,9.059962e-04,-4.325947e-06,-7.176246e-04,0,1
740,-0.775391,-0.005389,9.037964e-04,3.867202e-06,-7.176246e-04,0,1
953,-0.774203,0.027508,9.029437e-04,-1.974056e-05,-7.176246e-04,1,1
747,-0.774078,0.005462,9.028539e-04,-3.919880e-06,-7.176246e-04,0,1
372,-0.771328,0.027515,9.008807e-04,-1.974540e-05,-7.176246e-04,1,1
664,-0.766695,0.005831,8.975909e-04,-4.090645e-06,-7.015017e-04,0,1
185,-0.763127,0.020140,8.950876e-04,-1.412819e-05,-7.015017e-04,1,1
425,-0.760897,0.026654,8.935231e-04,-1.869771e-05,-7.015017e-04,1,1
525,-0.760583,-0.005079,8.933027e-04,3.563047e-06,-7.015017e-04,0,1
550,-0.760492,0.013830,8.932390e-04,-9.701879e-06,-7.015017e-04,1,1
239,-0.759718,0.021472,8.926960e-04,-1.506273e-05,-7.015017e-04,1,1
121,-0.759052,0.003847,8.922288e-04,-2.698421e-06,-7.015017e-04,0,1
871,-0.750578,0.005027,8.863836e-04,-3.466076e-06,-6.894603e-04,0,1
350,-0.747288,0.016133,8.841268e-04,-1.098971e-05,-6.812069e-04,1,1
540,-0.746430,0.021395,8.835427e-04,-1.457445e-05,-6.812069e-04,1,1
296,-0.745822,0.022045,8.831282e-04,-1.501707e-05,-6.812069e-04,1,1
438,-0.741647,-0.003908,8.802842e-04,2.662045e-06,-6.812069e-04,0,1
91,-0.741148,0.022832,8.799445e-04,-1.555349e-05,-6.812069e-04,1,1
69,-0.739782,0.006696,8.790138e-04,-4.561410e-06,-6.812069e-04,1,1
572,-0.739382,0.016416,8.787416e-04,-1.118249e-05,-6.812069e-04,1,1
388,-0.737159,0.022688,8.772362e-04,-1.532160e-05,-6.753152e-04,1,1
688,-0.735313,0.020345,8.759898e-04,-1.373919e-05,-6.753152e-04,1,1
401,-0.732299,0.007329,8.739539e-04,-4.949186e-06,-6.753152e-04,1,1
697,-0.732102,0.000819,8.738208e-04,-5.530790e-07,-6.753152e-04,0,1
289,-0.729805,0.007158,8.722700e-04,-4.834197e-06,-6.753152e-04,1,1
453,-0.727784,0.018461,8.709071e-04,-1.242670e-05,-6.731338e-04,1,1
717,-0.723639,0.015077,8.681167e-04,-1.014871e-05,-6.731338e-04,1,1
138,-0.722585,0.021743,8.674071e-04,-1.463605e-05,-6.731338e-04,1,1
988,-0.722216,0.011418,8.671588e-04,-7.686098e-06,-6.731338e-04,1,1
814,-0.720664,0.024012,8.661146e-04,-1.616308e-05,-6.731338e-04,1,1
860,-0.718154,0.015782,8.644246e-04,-1.063034e-05,-6.735832e-04,1,1
424,-0.717137,0.020245,8.637395e-04,-1.363695e-05,-6.735832e-04,1,1
397,-0.708823,0.027691,8.581394e-04,-1.865192e-05,-6.735832e-04,1,1
651,-0.706215,0.025528,8.563742e-04,-1.728678e-05,-6.771719e-04,1,1
127,-0.705292,0.008668,8.557493e-04,-5.869415e-06,-6.771719e-04,1,1
613,-0.704485,0.003124,8.552030e-04,-2.115258e-06,-6.771719e-04,0,1
468,-0.701859,0.009199,8.534242e-04,-6.229595e-06,-6.771719e-04,1,1
494,-0.700842,0.029785,8.527357e-04,-2.016957e-05,-6.771719e-04,1,1
741,-0.699808,0.001819,8.520353e-04,-1.231961e-06,-6.771719e-04,0,1
414,-0.697344,0.018030,8.503607e-04,-1.231150e-05,-6.828410e-04,1,1
819,-0.696694,0.025387,8.499166e-04,-1.733543e-05,-6.828410e-04,1,1
341,-0.696525,0.017191,8.498010e-04,-1.173872e-05,-6.828410e-04,1,1
806,-0.685305,0.017585,8.421120e-04,-1.216299e-05,-6.916633e-04,1,1
695,-0.683697,0.012368,8.410001e-04,-8.554499e-06,-6.916633e-04,1,1
25,-0.682183,0.016652,8.399528e-04,-1.151757e-05,-6.916633e-04,1,1
588,-0.680803,0.023923,8.389980e-04,-1.654655e-05,-6.916633e-04,1,1
834,-0.676752,0.015495,8.361836e-04,-1.083759e-05,-6.994276e-04,1,1
84,-0.674617,0.007894,8.346905e-04,-5.521175e-06,-6.994276e-04,1,1
772,-0.671409,0.022465,8.324466e-04,-1.571292e-05,-6.994276e-04,1,1
571,-0.670740,0.032943,8.319787e-04,-2.304120e-05,-6.994276e-04,1,1
831,-0.669803,0.007074,8.313235e-04,-4.947565e-06,-6.994276e-04,1,1
756,-0.669510,0.021197,8.311184e-04,-1.482562e-05,-6.994276e-04,1,1
104,-0.667069,0.014783,8.294038e-04,-1.042709e-05,-7.053237e-04,1,1
0,-0.665794,0.021428,8.285041e-04,-1.511358e-05,-7.053237e-04,1,1
105,-0.665575,0.020516,8.283500e-04,-1.447032e-05,-7.053237e-04,1,1
275,-0.664749,0.021145,8.277674e-04,-1.491376e-05,-7.053237e-04,1,1
96,-0.661355,0.019690,8.253731e-04,-1.388767e-05,-7.053237e-04,1,1
382,-0.655145,-0.004117,8.209652e-04,2.940293e-06,-7.142699e-04,0,1
855,-0.653781,0.011468,8.199908e-04,-8.191238e-06,-7.142699e-04,1,1
512,-0.652894,0.014831,8.193576e-04,-1.059356e-05,-7.142699e-04,1,1
876,-0.651507,0.012128,8.183667e-04,-8.662986e-06,-7.142699e-04,1,1
394,-0.650621,0.029122,8.177340e-04,-2.080118e-05,-7.142699e-04,1,1
328,-0.650075,0.023616,8.173439e-04,-1.686800e-05,-7.142699e-04,1,1
566,-0.647169,-0.002818,8.152582e-04,2.039162e-06,-7.234920e-04,0,1
149,-0.646488,0.020536,8.147656e-04,-1.485797e-05,-7.234920e-04,1,1
72,-0.641591,0.017473,8.112225e-04,-1.264126e-05,-7.234920e-04,1,1
240,-0.639094,0.010050,8.094157e-04,-7.271076e-06,-7.234920e-04,1,1
75,-0.638714,0.026196,8.091409e-04,-1.895225e-05,-7.234920e-04,1,1
242,-0.638021,0.023064,8.086381e-04,-1.689537e-05,-7.325388e-04,1,1
30,-0.636989,0.012054,8.078825e-04,-8.829953e-06,-7.325388e-04,1,1
816,-0.632358,0.020952,8.044895e-04,-1.534809e-05,-7.325388e-04,1,1
670,-0.631389,0.030777,8.037797e-04,-2.254571e-05,-7.325388e-04,1,1
511,-0.630565,0.017868,8.031762e-04,-1.308877e-05,-7.325388e-04,1,1
941,-0.629937,0.027121,8.027161e-04,-1.986720e-05,-7.325388e-04,1,1
684,-0.629295,0.006222,8.022462e-04,-4.557530e-06,-7.325388e-04,0,1
842,-0.626607,0.007325,8.002605e-04,-5.446003e-06,-7.435047e-04,1,1
601,-0.625302,0.009380,7.992902e-04,-6.974006e-06,-7.435047e-04,1,1
304,-0.617475,0.018684,7.934629e-04,-1.412823e-05,-7.561722e-04,1,1
441,-0.611858,0.018727,7.892152e-04,-1.416095e-05,-7.561722e-04,1,1
218,-0.609675,0.014264,7.875644e-04,-1.078627e-05,-7.561722e-04,1,1
993,-0.609132,0.012316,7.871542e-04,-9.313322e-06,-7.561722e-04,1,1
551,-0.606253,0.017640,7.849622e-04,-1.348462e-05,-7.644449e-04,1,1
734,-0.604760,0.029516,7.838206e-04,-2.256342e-05,-7.644449e-04,1,1
40,-0.601928,0.026667,7.816559e-04,-2.038527e-05,-7.644449e-04,1,1
330,-0.599373,0.019216,7.797028e-04,-1.468994e-05,-7.644449e-04,1,1
770,-0.598409,0.026429,7.789657e-04,-2.020376e-05,-7.644449e-04,1,1
142,-0.597710,0.003290,7.784304e-04,-2.524556e-06,-7.673866e-04,0,1
815,-0.597367,0.004514,7.781672e-04,-3.464078e-06,-7.673866e-04,0,1
609,-0.595985,0.034348,7.771070e-04,-2.635855e-05,-7.673866e-04,1,1
796,-0.593646,0.019029,7.753117e-04,-1.460279e-05,-7.673866e-04,1,1
597,-0.593249,0.009644,7.750077e-04,-7.400673e-06,-7.673866e-04,1,1
776,-0.591520,0.012186,7.736804e-04,-9.351552e-06,-7.673866e-04,1,1
524,-0.589913,0.011849,7.724474e-04,-9.093053e-06,-7.673866e-04,1,1
114,-0.589549,0.017565,7.721684e-04,-1.347951e-05,-7.673866e-04,1,1
996,-0.587189,0.037489,7.703561e-04,-2.881788e-05,-7.687021e-04,1,1
370,-0.584147,0.019794,7.680173e-04,-1.521576e-05,-7.687021e-04,1,1
65,-0.579815,0.033164,7.646876e-04,-2.549340e-05,-7.687021e-04,1,1
259,-0.577019,0.027367,7.625375e-04,-2.105610e-05,-7.694077e-04,1,1
885,-0.575742,0.038097,7.615554e-04,-2.931180e-05,-7.694077e-04,1,1
575,-0.574301,-0.002471,7.604465e-04,1.901555e-06,-7.694077e-04,0,1
455,-0.570818,0.011736,7.577662e-04,-9.030007e-06,-7.694077e-04,1,1
162,-0.569822,0.031263,7.570002e-04,-2.405379e-05,-7.694077e-04,1,1
411,-0.569169,0.008431,7.564977e-04,-6.486503e-06,-7.694077e-04,1,1
278,-0.567835,0.020380,7.554714e-04,-1.569277e-05,-7.700060e-04,1,1
27,-0.562716,0.023459,7.515296e-04,-1.806320e-05,-7.700060e-04,1,1
655,-0.559931,0.020304,7.493855e-04,-1.563402e-05,-7.700060e-04,1,1
543,-0.551888,0.034138,7.431958e-04,-2.626713e-05,-7.694421e-04,1,1
742,-0.550507,0.013475,7.421327e-04,-1.036815e-05,-7.694421e-04,1,1
306,-0.547963,0.032500,7.401757e-04,-2.500658e-05,-7.694421e-04,1,1
878,-0.546658,0.019562,7.391790e-04,-1.491726e-05,-7.625568e-04,1,1
196,-0.546507,0.010888,7.390636e-04,-8.302822e-06,-7.625568e-04,1,1
258,-0.544843,0.024171,7.377944e-04,-1.843154e-05,-7.625568e-04,1,1
36,-0.544100,0.021824,7.372284e-04,-1.664171e-05,-7.625568e-04,1,1
284,-0.536996,0.041086,7.318188e-04,-3.087755e-05,-7.515370e-04,1,1
312,-0.533337,0.028046,7.290684e-04,-2.107744e-05,-7.515370e-04,1,1
339,-0.531601,0.014170,7.277640e-04,-1.064937e-05,-7.515370e-04,1,1
94,-0.528769,0.015912,7.256354e-04,-1.195819e-05,-7.515370e-04,1,1
265,-0.527059,0.007373,7.243603e-04,-5.415351e-06,-7.344987e-04,1,1
972,-0.525529,0.028283,7.232366e-04,-2.077407e-05,-7.344987e-04,1,1
194,-0.525437,0.021612,7.231688e-04,-1.587367e-05,-7.344987e-04,1,1
73,-0.525169,0.035529,7.229723e-04,-2.609610e-05,-7.344987e-04,1,1
780,-0.522931,0.021705,7.213285e-04,-1.594244e-05,-7.344987e-04,1,1
423,-0.522010,0.029660,7.206516e-04,-2.178555e-05,-7.344987e-04,1,1
943,-0.521556,0.018963,7.203188e-04,-1.392863e-05,-7.344987e-04,1,1
859,-0.520687,0.026300,7.196800e-04,-1.931744e-05,-7.344987e-04,1,1
549,-0.519288,0.013960,7.186529e-04,-1.025362e-05,-7.344987e-04,1,1
457,-0.518354,0.009666,7.179667e-04,-7.099816e-06,-7.344987e-04,1,1
927,-0.516455,0.023827,7.165914e-04,-1.708430e-05,-7.170102e-04,1,1
222,-0.513099,0.027019,7.141854e-04,-1.937300e-05,-7.170102e-04,1,1
591,-0.506973,0.015567,7.098011e-04,-1.093558e-05,-7.024909e-04,1,1
24,-0.506035,0.014937,7.091420e-04,-1.049315e-05,-7.024909e-04,1,1
705,-0.505841,0.026440,7.090058e-04,-1.857401e-05,-7.024909e-04,1,1
78,-0.505534,0.021313,7.087902e-04,-1.497234e-05,-7.024909e-04,1,1
101,-0.502763,0.016299,7.068433e-04,-1.145021e-05,-7.024909e-04,1,1
707,-0.500260,0.038135,7.050852e-04,-2.678919e-05,-7.024909e-04,1,1
743,-0.498082,0.020944,7.035555e-04,-1.471274e-05,-7.024909e-04,1,1
559,-0.495550,0.016579,7.017986e-04,-1.145876e-05,-6.911780e-04,1,1
482,-0.491208,0.004926,6.987974e-04,-3.404821e-06,-6.911780e-04,0,1
984,-0.491061,0.020946,6.986958e-04,-1.447736e-05,-6.911780e-04,1,1
247,-0.486994,0.014631,6.958890e-04,-9.980252e-06,-6.821107e-04,1,1
732,-0.486622,0.025254,6.956348e-04,-1.722591e-05,-6.821107e-04,1,1
229,-0.485986,0.027992,6.952012e-04,-1.909352e-05,-6.821107e-04,1,1
44,-0.485039,0.006481,6.945552e-04,-4.420790e-06,-6.821107e-04,1,1
87,-0.483279,0.024617,6.933545e-04,-1.679178e-05,-6.821107e-04,1,1
771,-0.482726,0.015741,6.929775e-04,-1.073725e-05,-6.821107e-04,1,1
680,-0.480763,0.028662,6.916384e-04,-1.955038e-05,-6.821107e-04,1,1
729,-0.479751,0.013726,6.909482e-04,-9.362858e-06,-6.821107e-04,1,1
451,-0.479618,0.031048,6.908574e-04,-2.117819e-05,-6.821107e-04,1,1
894,-0.478467,0.035368,6.900722e-04,-2.412495e-05,-6.821107e-04,1,1
704,-0.476972,0.006082,6.890543e-04,-4.127074e-06,-6.786200e-04,0,1
356,-0.473449,0.021608,6.866636e-04,-1.466396e-05,-6.786200e-04,1,1
516,-0.469339,0.026986,6.838742e-04,-1.831322e-05,-6.786200e-04,1,1
116,-0.460306,0.021993,6.777038e-04,-1.505198e-05,-6.843948e-04,1,1
640,-0.460275,0.018986,6.776826e-04,-1.299360e-05,-6.843948e-04,1,1
708,-0.456620,0.001662,6.751748e-04,-1.152823e-06,-6.937702e-04,0,1
237,-0.454704,0.024387,6.738453e-04,-1.691892e-05,-6.937702e-04,1,1
676,-0.454134,0.011435,6.734502e-04,-7.932976e-06,-6.937702e-04,1,1
300,-0.451883,0.014306,6.718886e-04,-9.924989e-06,-6.937702e-04,1,1
267,-0.450743,0.008325,6.710971e-04,-5.775404e-06,-6.937702e-04,1,1
62,-0.446702,0.011658,6.682886e-04,-8.200626e-06,-7.034608e-04,1,1
989,-0.446670,0.022988,6.682663e-04,-1.617104e-05,-7.034608e-04,1,1
812,-0.446368,0.037191,6.680540e-04,-2.616249e-05,-7.034608e-04,1,1
880,-0.441346,0.048056,6.645208e-04,-3.380545e-05,-7.034608e-04,1,1
910,-0.440181,0.019725,6.637016e-04,-1.387580e-05,-7.034608e-04,1,1
995,-0.438886,0.020008,6.627904e-04,-1.407497e-05,-7.034608e-04,1,1
921,-0.437320,0.012574,6.616891e-04,-8.845132e-06,-7.034608e-04,1,1
703,-0.436087,0.008754,6.608078e-04,-6.264747e-06,-7.156162e-04,1,1
230,-0.430726,0.015527,6.569715e-04,-1.111121e-05,-7.156162e-04,1,1
554,-0.428675,0.026203,6.555041e-04,-1.875158e-05,-7.156162e-04,1,1
798,-0.426512,0.023093,6.539472e-04,-1.685448e-05,-7.298592e-04,1,1
912,-0.416680,0.025119,6.467666e-04,-1.863734e-05,-7.419666e-04,1,1
533,-0.415019,0.010470,6.455340e-04,-7.768384e-06,-7.419666e-04,1,1
520,-0.409629,0.005721,6.415346e-04,-4.244836e-06,-7.419666e-04,0,1
507,-0.407708,0.013712,6.401091e-04,-1.017366e-05,-7.419666e-04,1,1
582,-0.406293,0.028616,6.390567e-04,-2.134509e-05,-7.459198e-04,1,1
932,-0.406118,0.007816,6.389260e-04,-5.830006e-06,-7.459198e-04,1,1
678,-0.404053,0.031557,6.373858e-04,-2.353891e-05,-7.459198e-04,1,1
933,-0.400464,0.000097,6.347084e-04,-7.224926e-08,-7.459198e-04,0,1
930,-0.398399,0.016442,6.331682e-04,-1.226461e-05,-7.459198e-04,1,1
355,-0.394445,0.011822,6.302336e-04,-8.749093e-06,-7.400387e-04,1,1
426,-0.394165,0.012188,6.300267e-04,-9.019422e-06,-7.400387e-04,1,1
887,-0.393049,0.018198,6.292010e-04,-1.346724e-05,-7.400387e-04,1,1
919,-0.391647,0.023675,6.281632e-04,-1.752067e-05,-7.400387e-04,1,1
379,-0.391414,0.013650,6.279907e-04,-1.010119e-05,-7.400387e-04,1,1
614,-0.390787,0.046144,6.275264e-04,-3.414854e-05,-7.400387e-04,1,1
884,-0.390711,0.028515,6.274702e-04,-2.110208e-05,-7.400387e-04,1,1
361,-0.390603,0.037013,6.273906e-04,-2.739140e-05,-7.400387e-04,1,1
434,-0.389132,0.036655,6.263019e-04,-2.712579e-05,-7.400387e-04,1,1
231,-0.386363,0.023710,6.242600e-04,-1.724091e-05,-7.271642e-04,1,1
140,-0.385085,0.023781,6.233312e-04,-1.729246e-05,-7.271642e-04,1,1
234,-0.378913,0.042748,6.188431e-04,-3.108494e-05,-7.271642e-04,1,1
406,-0.376833,0.010584,6.173307e-04,-7.581724e-06,-7.163348e-04,1,1
847,-0.372608,0.045700,6.143044e-04,-3.273648e-05,-7.163348e-04,1,1
479,-0.370164,0.032286,6.125533e-04,-2.312761e-05,-7.163348e-04,1,1
124,-0.368533,0.026920,6.113852e-04,-1.928376e-05,-7.163348e-04,1,1
809,-0.366975,0.012070,6.102695e-04,-8.645883e-06,-7.163348e-04,1,1
962,-0.366773,0.022975,6.101253e-04,-1.625639e-05,-7.075694e-04,1,1
305,-0.353741,0.021932,6.009221e-04,-1.538830e-05,-7.016321e-04,1,1
317,-0.351741,0.017622,5.995190e-04,-1.236391e-05,-7.016321e-04,1,1
188,-0.351143,0.012247,5.990991e-04,-8.592582e-06,-7.016321e-04,1,1
469,-0.351010,0.014954,5.990060e-04,-1.049195e-05,-7.016321e-04,1,1
89,-0.350173,0.025828,5.984186e-04,-1.812202e-05,-7.016321e-04,1,1
873,-0.350127,0.013387,5.983861e-04,-9.392894e-06,-7.016321e-04,1,1
612,-0.346682,0.023433,5.959693e-04,-1.627353e-05,-6.944817e-04,1,1
178,-0.346287,0.017983,5.956950e-04,-1.248878e-05,-6.944817e-04,1,1
652,-0.343929,0.017909,5.940576e-04,-1.243736e-05,-6.944817e-04,1,1
773,-0.340060,0.030267,5.913706e-04,-2.102021e-05,-6.944817e-04,1,1
991,-0.337368,0.000089,5.895014e-04,-6.161525e-08,-6.944817e-04,0,1
318,-0.334318,0.023707,5.873954e-04,-1.634366e-05,-6.893986e-04,1,1
645,-0.331770,0.017706,5.856386e-04,-1.220678e-05,-6.893986e-04,1,1
672,-0.331215,0.017000,5.852561e-04,-1.171966e-05,-6.893986e-04,1,1
854,-0.330044,0.034616,5.844486e-04,-2.386422e-05,-6.893986e-04,1,1
29,-0.326485,0.017448,5.819956e-04,-1.195230e-05,-6.850057e-04,1,1
98,-0.326268,0.020414,5.818472e-04,-1.398395e-05,-6.850057e-04,1,1
541,-0.323561,0.009036,5.799926e-04,-6.189601e-06,-6.850057e-04,1,1
12,-0.321359,0.022726,5.784847e-04,-1.556710e-05,-6.850057e-04,1,1
207,-0.317796,0.025401,5.760440e-04,-1.739978e-05,-6.850057e-04,1,1
50,-0.308406,0.023377,5.696263e-04,-1.597022e-05,-6.831741e-04,1,1
384,-0.307927,0.012539,5.692992e-04,-8.565981e-06,-6.831741e-04,1,1
720,-0.305581,0.023174,5.676998e-04,-1.575707e-05,-6.799593e-04,1,1
335,-0.305057,0.018617,5.673429e-04,-1.265913e-05,-6.799593e-04,1,1
861,-0.304111,0.004918,5.667000e-04,-3.343777e-06,-6.799593e-04,0,1
739,-0.301361,0.030175,5.648301e-04,-2.051789e-05,-6.799593e-04,1,1
508,-0.300822,0.020509,5.644636e-04,-1.394559e-05,-6.799593e-04,1,1
226,-0.296985,0.020609,5.618545e-04,-1.401351e-05,-6.799593e-04,1,1
866,-0.295523,0.022801,5.608637e-04,-1.543006e-05,-6.767276e-04,1,1
506,-0.293621,0.013987,5.595767e-04,-9.465592e-06,-6.767276e-04,1,1
264,-0.293339,0.017380,5.593855e-04,-1.176178e-05,-6.767276e-04,1,1
307,-0.290131,0.013937,5.572148e-04,-9.431227e-06,-6.767276e-04,1,1
602,-0.289602,0.028538,5.568564e-04,-1.931218e-05,-6.767276e-04,1,1
627,-0.289216,0.018578,5.565957e-04,-1.257248e-05,-6.767276e-04,1,1
851,-0.284573,0.014193,5.534528e-04,-9.609022e-06,-6.770274e-04,1,1
82,-0.282150,0.034469,5.518127e-04,-2.333632e-05,-6.770274e-04,1,1
357,-0.279954,0.016759,5.503258e-04,-1.134611e-05,-6.770274e-04,1,1
985,-0.276351,0.007983,5.478860e-04,-5.445713e-06,-6.821714e-04,1,1
671,-0.275317,-0.001196,5.471811e-04,8.158563e-07,-6.821714e-04,0,1
189,-0.267036,0.004127,5.415318e-04,-2.815495e-06,-6.821714e-04,0,1
398,-0.265481,0.018060,5.404658e-04,-1.242683e-05,-6.880780e-04,1,1
611,-0.264692,0.018616,5.399230e-04,-1.280958e-05,-6.880780e-04,1,1
617,-0.264279,0.026406,5.396388e-04,-1.816955e-05,-6.880780e-04,1,1
442,-0.264218,-0.001505,5.395969e-04,1.035479e-06,-6.880780e-04,0,1
51,-0.258353,0.015061,5.355615e-04,-1.036297e-05,-6.880780e-04,1,1
544,-0.255136,-0.005929,5.333420e-04,4.110270e-06,-6.932460e-04,0,1
195,-0.254438,0.022567,5.328579e-04,-1.564470e-05,-6.932460e-04,1,1
472,-0.248177,0.003264,5.285177e-04,-2.263043e-06,-6.932460e-04,0,1
202,-0.241882,0.028848,5.241502e-04,-2.002167e-05,-6.940292e-04,1,1
374,-0.240830,0.039470,5.234201e-04,-2.739357e-05,-6.940292e-04,1,1
903,-0.240765,0.030734,5.233747e-04,-2.133025e-05,-6.940292e-04,1,1
208,-0.240729,0.023111,5.233498e-04,-1.603946e-05,-6.940292e-04,1,1
793,-0.239231,0.005135,5.223105e-04,-3.564119e-06,-6.940292e-04,0,1
523,-0.237272,0.023463,5.209504e-04,-1.628424e-05,-6.940292e-04,1,1
667,-0.234112,0.032583,5.187653e-04,-2.249638e-05,-6.904278e-04,1,1
975,-0.230645,-0.001503,5.163712e-04,1.037411e-06,-6.904278e-04,0,1
192,-0.223890,0.019063,5.117153e-04,-1.309723e-05,-6.870617e-04,1,1
622,-0.219041,0.035387,5.083838e-04,-2.431331e-05,-6.870617e-04,1,1
85,-0.218361,0.011556,5.079161e-04,-7.939580e-06,-6.870617e-04,1,1
285,-0.217757,-0.002956,5.075011e-04,2.031034e-06,-6.870617e-04,0,1
164,-0.213765,0.025868,5.047734e-04,-1.760997e-05,-6.807555e-04,1,1
473,-0.212811,0.029830,5.041236e-04,-2.030696e-05,-6.807555e-04,1,1
803,-0.208583,0.011295,5.012454e-04,-7.689288e-06,-6.807555e-04,1,1
190,-0.208188,0.011426,5.009766e-04,-7.778268e-06,-6.807555e-04,1,1
362,-0.206794,0.014702,5.000278e-04,-1.000860e-05,-6.807555e-04,1,1
209,-0.205844,0.054159,4.993825e-04,-3.647676e-05,-6.735174e-04,1,1
396,-0.202322,-0.001608,4.970102e-04,1.082949e-06,-6.735174e-04,0,1
340,-0.201619,0.007233,4.965367e-04,-4.871696e-06,-6.735174e-04,1,1
595,-0.197465,0.010066,4.937385e-04,-6.779775e-06,-6.735174e-04,1,1
381,-0.194434,0.008963,4.917032e-04,-6.003766e-06,-6.698449e-04,1,1
177,-0.193567,0.029380,4.911221e-04,-1.967974e-05,-6.698449e-04,1,1
291,-0.191826,0.009839,4.899560e-04,-6.590822e-06,-6.698449e-04,1,1
171,-0.186405,0.006235,4.863248e-04,-4.176545e-06,-6.698449e-04,0,1
665,-0.181104,0.015032,4.827793e-04,-1.005347e-05,-6.688146e-04,1,1
261,-0.178725,0.013197,4.811880e-04,-8.826512e-06,-6.688146e-04,1,1
719,-0.178592,0.013213,4.810993e-04,-8.837014e-06,-6.688146e-04,1,1
761,-0.177384,0.014906,4.802912e-04,-9.969480e-06,-6.688146e-04,1,1
623,-0.176623,0.027046,4.797822e-04,-1.808905e-05,-6.688146e-04,1,1
238,-0.173232,0.006762,4.775141e-04,-4.521651e-06,-6.687190e-04,1,1
443,-0.172529,0.012413,4.770441e-04,-8.301042e-06,-6.687190e-04,1,1
448,-0.168124,0.007825,4.740987e-04,-5.232886e-06,-6.687190e-04,1,1
827,-0.164932,0.007468,4.719610e-04,-5.020914e-06,-6.722882e-04,1,1
728,-0.162845,0.007117,4.705575e-04,-4.784825e-06,-6.722882e-04,1,1
661,-0.157910,0.006614,4.672400e-04,-4.446736e-06,-6.722882e-04,1,1
61,-0.157278,0.010157,4.668152e-04,-6.828562e-06,-6.722882e-04,1,1
906,-0.154559,-0.001786,4.649810e-04,1.209323e-06,-6.772309e-04,0,1
269,-0.153593,0.012961,4.643269e-04,-8.777649e-06,-6.772309e-04,1,1
49,-0.148257,-0.006399,4.607130e-04,4.333558e-06,-6.772309e-04,1,1
437,-0.147437,-0.002665,4.601580e-04,1.804691e-06,-6.772309e-04,0,1
833,-0.145207,0.003214,4.586458e-04,-2.188989e-06,-6.811753e-04,0,1
292,-0.143962,0.004863,4.577973e-04,-3.312244e-06,-6.811753e-04,0,1
961,-0.141437,0.023694,4.560775e-04,-1.613949e-05,-6.811753e-04,1,1
681,-0.140483,-0.000859,4.554274e-04,5.852434e-07,-6.811753e-04,0,1
100,-0.137717,-0.003988,4.535434e-04,2.716462e-06,-6.811753e-04,0,1
405,-0.136568,0.016173,4.527608e-04,-1.101643e-05,-6.811753e-04,1,1
545,-0.135956,0.001987,4.523437e-04,-1.353305e-06,-6.811753e-04,0,1
963,-0.132461,0.016602,4.499630e-04,-1.131173e-05,-6.813598e-04,1,1
653,-0.131723,-0.001532,4.494602e-04,1.044085e-06,-6.813598e-04,0,1
183,-0.130239,0.014118,4.484489e-04,-9.619167e-06,-6.813598e-04,1,1
692,-0.126056,-0.001868,4.455989e-04,1.272904e-06,-6.813598e-04,0,1
481,-0.124669,-0.000763,4.446568e-04,5.170985e-07,-6.777776e-04,0,1
56,-0.122754,0.000197,4.433589e-04,-1.333725e-07,-6.777776e-04,0,1
546,-0.122634,0.014272,4.432774e-04,-9.673362e-06,-6.777776e-04,1,1
650,-0.122355,0.026895,4.430885e-04,-1.822872e-05,-6.777776e-04,1,1
408,-0.121946,0.009658,4.428112e-04,-6.545809e-06,-6.777776e-04,1,1
820,-0.119653,0.003079,4.412572e-04,-2.087174e-06,-6.777776e-04,0,1
967,-0.115853,0.025752,4.386820e-04,-1.745413e-05,-6.777776e-04,1,1
147,-0.111946,-0.005692,4.360575e-04,3.820530e-06,-6.712475e-04,0,1
80,-0.109918,0.005061,4.346962e-04,-3.397109e-06,-6.712475e-04,0,1
363,-0.106724,0.010927,4.325523e-04,-7.334947e-06,-6.712475e-04,1,1
899,-0.105805,-0.001291,4.319350e-04,8.662462e-07,-6.712475e-04,0,1
618,-0.103897,0.011453,4.306684e-04,-7.588524e-06,-6.625799e-04,1,1
193,-0.102114,-0.005906,4.294875e-04,3.913051e-06,-6.625799e-04,0,1
440,-0.101448,0.010260,4.290457e-04,-6.797824e-06,-6.625799e-04,1,1
862,-0.101398,0.021839,4.290131e-04,-1.447015e-05,-6.625799e-04,1,1
710,-0.101376,0.008530,4.289981e-04,-5.651767e-06,-6.625799e-04,1,1
333,-0.099277,-0.000509,4.276075e-04,3.371917e-07,-6.625799e-04,0,1
122,-0.097551,0.020040,4.264637e-04,-1.327801e-05,-6.625799e-04,1,1
273,-0.097114,0.006134,4.261746e-04,-4.064168e-06,-6.625799e-04,0,1
781,-0.096917,-0.007282,4.260437e-04,4.824975e-06,-6.625799e-04,1,1
18,-0.095166,-0.003190,4.248868e-04,2.082393e-06,-6.528296e-04,0,1
93,-0.092712,0.002382,4.232849e-04,-1.555114e-06,-6.528296e-04,0,1
464,-0.091718,0.004442,4.226356e-04,-2.900044e-06,-6.528296e-04,0,1
134,-0.090295,-0.003721,4.217069e-04,2.429257e-06,-6.528296e-04,0,1
686,-0.083932,0.002514,4.175689e-04,-1.614377e-06,-6.421285e-04,0,1
767,-0.083381,0.022523,4.172149e-04,-1.446253e-05,-6.421285e-04,1,1
754,-0.083154,-0.004616,4.170689e-04,2.963915e-06,-6.421285e-04,0,1
474,-0.082868,0.021229,4.168856e-04,-1.363145e-05,-6.421285e-04,1,1
850,-0.081472,-0.001493,4.159891e-04,9.587225e-07,-6.421285e-04,0,1
561,-0.081010,0.025376,4.156926e-04,-1.629483e-05,-6.421285e-04,1,1
417,-0.080972,0.005834,4.156678e-04,-3.746434e-06,-6.421285e-04,0,1
900,-0.080049,0.008285,4.150754e-04,-5.320323e-06,-6.421285e-04,1,1
486,-0.077016,-0.002072,4.131277e-04,1.330171e-06,-6.421285e-04,0,1
589,-0.076693,-0.004185,4.129202e-04,2.687550e-06,-6.421285e-04,0,1
760,-0.075429,-0.001487,4.121089e-04,9.548742e-07,-6.421285e-04,0,1
45,-0.074677,-0.002979,4.116320e-04,1.886051e-06,-6.330879e-04,0,1
201,-0.073831,0.009737,4.110965e-04,-6.164075e-06,-6.330879e-04,1,1
786,-0.073146,0.012413,4.106630e-04,-7.858638e-06,-6.330879e-04,1,1
736,-0.072737,0.006620,4.104043e-04,-4.190859e-06,-6.330879e-04,1,1
324,-0.069297,-0.006211,4.082263e-04,3.932285e-06,-6.330879e-04,0,1
929,-0.062798,0.002726,4.041270e-04,-1.709493e-06,-6.271564e-04,0,1
868,-0.058224,0.009654,4.012580e-04,-6.054716e-06,-6.271564e-04,1,1
848,-0.057613,-0.003321,4.008752e-04,2.082812e-06,-6.271564e-04,0,1
986,-0.056363,0.017963,4.000913e-04,-1.126571e-05,-6.271564e-04,1,1
109,-0.051032,0.001884,3.967648e-04,-1.173723e-06,-6.231072e-04,0,1
471,-0.046863,-0.020608,3.941671e-04,1.284088e-05,-6.231072e-04,1,1
205,-0.041381,-0.007329,3.907588e-04,4.552306e-06,-6.210993e-04,1,1
631,-0.039297,0.017172,3.894647e-04,-1.066562e-05,-6.210993e-04,1,1
449,-0.036974,-0.008809,3.880218e-04,5.471512e-06,-6.210993e-04,1,1
992,-0.036073,-0.000759,3.874621e-04,4.712945e-07,-6.210993e-04,0,1
687,-0.034137,-0.002149,3.862628e-04,1.328361e-06,-6.181402e-04,0,1
249,-0.033443,0.005595,3.858341e-04,-3.458219e-06,-6.181402e-04,0,1
755,-0.032457,0.027772,3.852246e-04,-1.716682e-05,-6.181402e-04,1,1
228,-0.028119,-0.005904,3.825430e-04,3.649329e-06,-6.181402e-04,0,1
58,-0.027142,0.004486,3.819389e-04,-2.773012e-06,-6.181402e-04,0,1
391,-0.026450,0.006049,3.815111e-04,-3.739073e-06,-6.181402e-04,0,1
713,-0.025376,0.005059,3.808471e-04,-3.127243e-06,-6.181402e-04,0,1
976,-0.024680,-0.003481,3.804182e-04,2.142284e-06,-6.153905e-04,0,1
461,-0.024588,0.001381,3.803617e-04,-8.499290e-07,-6.153905e-04,0,1
467,-0.024232,0.008571,3.801423e-04,-5.274475e-06,-6.153905e-04,1,1
136,-0.022125,-0.006933,3.788459e-04,4.266554e-06,-6.153905e-04,1,1
77,-0.015532,-0.002480,3.747884e-04,1.526407e-06,-6.153905e-04,0,1
852,-0.011457,-0.006095,3.722859e-04,3.741782e-06,-6.139484e-04,0,1
691,-0.007995,0.011642,3.701608e-04,-7.147550e-06,-6.139484e-04,1,1
287,-0.007051,0.005887,3.695812e-04,-3.614046e-06,-6.139484e-04,0,1
367,-0.006323,0.000097,3.691340e-04,-5.934183e-08,-6.139484e-04,0,1
154,-0.006062,0.002882,3.689741e-04,-1.769211e-06,-6.139484e-04,0,1
789,-0.003633,-0.016767,3.674837e-04,1.027937e-05,-6.130649e-04,1,1
642,-0.003571,-0.002781,3.674458e-04,1.705016e-06,-6.130649e-04,0,1
33,-0.003221,-0.010769,3.672310e-04,6.602258e-06,-6.130649e-04,1,1
395,0.005194,-0.005389,3.620725e-04,3.294390e-06,-6.113413e-04,0,1
825,0.009342,0.013557,3.595369e-04,-8.288020e-06,-6.113413e-04,1,1
576,0.011360,0.001281,3.583031e-04,-7.830437e-07,-6.113413e-04,0,1
981,0.012075,0.003134,3.578657e-04,-1.915653e-06,-6.113413e-04,0,1
407,0.012164,-0.002540,3.578115e-04,1.552937e-06,-6.113413e-04,0,1
125,0.012967,0.020700,3.573207e-04,-1.265465e-05,-6.113413e-04,1,1
581,0.016777,-0.005539,3.549948e-04,3.374317e-06,-6.092177e-04,0,1
430,0.019365,-0.013360,3.534186e-04,8.138943e-06,-6.092177e-04,1,1
883,0.024506,0.008567,3.502863e-04,-5.219426e-06,-6.092177e-04,1,1
496,0.024884,-0.012233,3.500564e-04,7.452305e-06,-6.092177e-04,1,1
973,0.024939,-0.008396,3.500225e-04,5.115208e-06,-6.092177e-04,1,1
765,0.025267,-0.008920,3.498232e-04,5.425696e-06,-6.082906e-04,1,1
81,0.029253,0.001419,3.473984e-04,-8.630447e-07,-6.082906e-04,0,1
135,0.030079,0.013274,3.468956e-04,-8.074448e-06,-6.082906e-04,1,1
365,0.031447,-0.006285,3.460639e-04,3.823132e-06,-6.082906e-04,1,1
997,0.032596,0.004046,3.453651e-04,-2.460901e-06,-6.082906e-04,0,1
649,0.033957,0.004515,3.445369e-04,-2.746204e-06,-6.082906e-04,0,1
960,0.034345,0.003957,3.443008e-04,-2.406981e-06,-6.082906e-04,0,1
677,0.034935,0.014996,3.439423e-04,-9.121783e-06,-6.082906e-04,1,1
493,0.037219,-0.011233,3.425545e-04,6.822267e-06,-6.073233e-04,1,1
309,0.038109,-0.004711,3.420139e-04,2.861378e-06,-6.073233e-04,0,1
204,0.038895,-0.016493,3.415366e-04,1.001634e-05,-6.073233e-04,1,1
97,0.039248,-0.000160,3.413223e-04,9.706429e-08,-6.073233e-04,0,1
775,0.039626,-0.018460,3.410927e-04,1.121144e-05,-6.073233e-04,1,1
949,0.042610,-0.000548,3.392809e-04,3.330307e-07,-6.073233e-04,0,1
346,0.042700,-0.017435,3.392261e-04,1.058868e-05,-6.073233e-04,1,1
797,0.046107,0.003603,3.371575e-04,-2.185062e-06,-6.064818e-04,0,1
746,0.046550,-0.001363,3.368888e-04,8.265531e-07,-6.064818e-04,0,1
243,0.049663,0.005212,3.350009e-04,-3.160922e-06,-6.064818e-04,0,1
20,0.051758,0.011063,3.337300e-04,-6.709551e-06,-6.064818e-04,1,1
436,0.052933,0.012613,3.330175e-04,-7.649848e-06,-6.064818e-04,1,1
837,0.055365,-0.013758,3.315429e-04,8.326411e-06,-6.052019e-04,1,1
529,0.061127,-0.013198,3.280559e-04,7.987241e-06,-6.052019e-04,1,1
118,0.061518,0.007204,3.278190e-04,-4.360015e-06,-6.052019e-04,1,1
718,0.065017,-0.008058,3.257014e-04,4.876485e-06,-6.052019e-04,1,1
316,0.065406,0.002350,3.254658e-04,-1.422869e-06,-6.054801e-04,0,1
805,0.066220,-0.007594,3.249729e-04,4.597900e-06,-6.054801e-04,1,1
211,0.066391,0.006809,3.248694e-04,-4.122840e-06,-6.054801e-04,1,1
454,0.070943,-0.010119,3.221132e-04,6.126835e-06,-6.054801e-04,1,1
331,0.072229,-0.013868,3.213345e-04,8.396536e-06,-6.054801e-04,1,1
788,0.077454,-0.005973,3.181672e-04,3.628655e-06,-6.074952e-04,0,1
233,0.078786,-0.011867,3.173579e-04,7.209172e-06,-6.074952e-04,1,1
313,0.079456,0.002701,3.169508e-04,-1.640611e-06,-6.074952e-04,0,1
344,0.080254,-0.010169,3.164660e-04,6.177854e-06,-6.074952e-04,1,1
845,0.081250,-0.000629,3.158607e-04,3.818424e-07,-6.074952e-04,0,1
7,0.082064,0.002057,3.153666e-04,-1.249707e-06,-6.074952e-04,0,1
925,0.082484,-0.020822,3.151113e-04,1.264932e-05,-6.074952e-04,1,1
579,0.083684,0.005697,3.143821e-04,-3.460775e-06,-6.074952e-04,0,1
752,0.087841,-0.015743,3.118508e-04,9.602839e-06,-6.099601e-04,1,1
186,0.088683,-0.001353,3.113372e-04,8.250991e-07,-6.099601e-04,0,1
567,0.090850,-0.016285,3.100154e-04,9.933321e-06,-6.099601e-04,1,1
763,0.090992,-0.007200,3.099288e-04,4.391530e-06,-6.099601e-04,1,1
902,0.093340,-0.006127,3.084969e-04,3.737251e-06,-6.099601e-04,0,1
283,0.094369,-0.018834,3.078690e-04,1.148814e-05,-6.099601e-04,1,1
463,0.095845,-0.004463,3.069682e-04,2.726745e-06,-6.109782e-04,0,1
16,0.096029,-0.016711,3.068562e-04,1.020988e-05,-6.109782e-04,1,1
403,0.099119,-0.006372,3.049680e-04,3.893264e-06,-6.109782e-04,1,1
251,0.099866,0.002257,3.045114e-04,-1.378920e-06,-6.109782e-04,0,1
360,0.107337,-0.002269,2.999536e-04,1.377844e-06,-6.073015e-04,0,1
604,0.108264,-0.003392,2.993906e-04,2.059795e-06,-6.073015e-04,0,1
34,0.110250,0.000546,2.981847e-04,-3.318396e-07,-6.073015e-04,0,1
598,0.110603,-0.012115,2.979705e-04,7.357356e-06,-6.073015e-04,1,1
322,0.116209,-0.016249,2.945700e-04,9.764439e-06,-6.009343e-04,1,1
836,0.118580,0.007228,2.931448e-04,-4.343685e-06,-6.009343e-04,1,1
725,0.120565,-0.010211,2.919519e-04,6.135905e-06,-6.009343e-04,1,1
636,0.120879,-0.000182,2.917635e-04,1.094699e-07,-6.009343e-04,0,1
897,0.120891,-0.006933,2.917565e-04,4.166039e-06,-6.009343e-04,1,1
745,0.123041,-0.015781,2.904642e-04,9.483461e-06,-6.009343e-04,1,1
326,0.123936,0.002956,2.899264e-04,-1.776475e-06,-6.009343e-04,0,1
635,0.124186,-0.025128,2.897761e-04,1.510035e-05,-6.009343e-04,1,1
583,0.128769,0.013766,2.870497e-04,-8.150712e-06,-5.920996e-04,1,1
735,0.130454,-0.004284,2.860519e-04,2.536393e-06,-5.920996e-04,0,1
174,0.133949,-0.006446,2.839829e-04,3.816945e-06,-5.920996e-04,1,1
246,0.134988,-0.014011,2.833676e-04,8.296094e-06,-5.920996e-04,1,1
157,0.141001,-0.004850,2.798646e-04,2.819264e-06,-5.812852e-04,0,1
959,0.143343,-0.005229,2.785036e-04,3.039347e-06,-5.812852e-04,0,1
668,0.145102,-0.036265,2.774809e-04,2.108045e-05,-5.812852e-04,1,1
800,0.154760,-0.000820,2.719652e-04,4.678940e-07,-5.704188e-04,0,1
299,0.156456,-0.003969,2.710049e-04,2.221739e-06,-5.598230e-04,0,1
55,0.156935,-0.000969,2.707364e-04,5.425698e-07,-5.598230e-04,0,1
210,0.160048,-0.004672,2.689941e-04,2.615449e-06,-5.598230e-04,0,1
634,0.160183,-0.020498,2.689185e-04,1.147536e-05,-5.598230e-04,1,1
536,0.165014,-0.019138,2.662139e-04,1.071409e-05,-5.598230e-04,1,1
946,0.165849,-0.025817,2.657463e-04,1.425314e-05,-5.520810e-04,1,1
112,0.170532,-0.010086,2.631612e-04,5.568230e-06,-5.520810e-04,1,1
274,0.173311,-0.020572,2.616271e-04,1.135735e-05,-5.520810e-04,1,1
669,0.175096,0.000105,2.606412e-04,-5.819873e-08,-5.520810e-04,0,1
630,0.176555,-0.027762,2.598404e-04,1.514665e-05,-5.455820e-04,1,1
580,0.180425,-0.007537,2.577288e-04,4.112114e-06,-5.455820e-04,1,1
970,0.183168,-0.009698,2.562321e-04,5.290793e-06,-5.455820e-04,1,1
63,0.184750,-0.022971,2.553694e-04,1.253245e-05,-5.455820e-04,1,1
83,0.185792,-0.016215,2.548007e-04,8.846461e-06,-5.455820e-04,1,1
621,0.185798,-0.006319,2.547975e-04,3.447441e-06,-5.455820e-04,1,1
939,0.186310,-0.016682,2.545203e-04,9.007761e-06,-5.399602e-04,1,1
286,0.188750,-0.012601,2.532025e-04,6.803985e-06,-5.399602e-04,1,1
656,0.196186,-0.011068,2.491891e-04,5.895673e-06,-5.326673e-04,1,1
931,0.196224,0.007603,2.491691e-04,-4.049645e-06,-5.326673e-04,1,1
952,0.197848,-0.023743,2.483037e-04,1.264689e-05,-5.326673e-04,1,1
364,0.200841,-0.004364,2.467094e-04,2.324430e-06,-5.326673e-04,0,1
979,0.200946,-0.003662,2.466536e-04,1.950831e-06,-5.326673e-04,0,1
255,0.203021,-0.016134,2.455484e-04,8.593862e-06,-5.326673e-04,1,1
965,0.203407,0.003104,2.453425e-04,-1.653369e-06,-5.326673e-04,0,1
535,0.203495,-0.010823,2.452958e-04,5.765309e-06,-5.326673e-04,1,1
198,0.206605,-0.010751,2.436433e-04,5.651750e-06,-5.256732e-04,1,1
637,0.206682,-0.010601,2.436029e-04,5.572683e-06,-5.256732e-04,1,1
392,0.212336,-0.024586,2.406308e-04,1.292428e-05,-5.256732e-04,1,1
282,0.213761,0.004463,2.398814e-04,-2.346100e-06,-5.256732e-04,0,1
968,0.213896,-0.011800,2.398106e-04,6.202682e-06,-5.256732e-04,1,1
212,0.215439,-0.001872,2.389993e-04,9.839450e-07,-5.256732e-04,0,1
738,0.216646,0.005234,2.383684e-04,-2.718137e-06,-5.193280e-04,0,1
696,0.220133,-0.008183,2.365578e-04,4.249621e-06,-5.193280e-04,1,1
235,0.220329,-0.005106,2.364558e-04,2.651906e-06,-5.193280e-04,0,1
994,0.221333,-0.021468,2.359348e-04,1.114917e-05,-5.193280e-04,1,1
260,0.221729,-0.020724,2.357287e-04,1.076268e-05,-5.193280e-04,1,1
547,0.225618,-0.013511,2.337093e-04,7.016556e-06,-5.193280e-04,1,1
491,0.227486,0.003305,2.327450e-04,-1.702703e-06,-5.151556e-04,0,1
526,0.229871,-0.027787,2.315161e-04,1.431445e-05,-5.151556e-04,1,1
433,0.230113,-0.004338,2.313915e-04,2.234678e-06,-5.151556e-04,0,1
821,0.230220,0.002579,2.313365e-04,-1.328749e-06,-5.151556e-04,0,1
600,0.231642,-0.003955,2.306037e-04,2.037218e-06,-5.151556e-04,0,1
102,0.234042,-0.014969,2.293676e-04,7.711347e-06,-5.151556e-04,1,1
155,0.235505,-0.018695,2.286137e-04,9.630617e-06,-5.151556e-04,1,1
200,0.238725,-0.008006,2.269598e-04,4.109746e-06,-5.133504e-04,1,1
626,0.239065,-0.021483,2.267849e-04,1.102815e-05,-5.133504e-04,1,1
412,0.239120,-0.026928,2.267567e-04,1.382357e-05,-5.133504e-04,1,1
865,0.241680,-0.015492,2.254425e-04,7.952615e-06,-5.133504e-04,1,1
66,0.245726,-0.012377,2.233657e-04,6.353993e-06,-5.133504e-04,1,1
347,0.247231,-0.025750,2.225949e-04,1.317352e-05,-5.115977e-04,1,1
272,0.247397,-0.000048,2.225100e-04,2.477796e-08,-5.115977e-04,0,1
435,0.247631,-0.010942,2.223899e-04,5.597673e-06,-5.115977e-04,1,1
522,0.249276,-0.018332,2.215484e-04,9.378829e-06,-5.115977e-04,1,1
969,0.262808,-0.026238,2.146449e-04,1.334594e-05,-5.086421e-04,1,1
67,0.262852,-0.001900,2.146225e-04,9.665093e-07,-5.086421e-04,0,1
253,0.266029,-0.001671,2.130063e-04,8.500041e-07,-5.086421e-04,0,1
870,0.268372,-0.013820,2.118125e-04,7.044727e-06,-5.097311e-04,1,1
982,0.268508,-0.021722,2.117434e-04,1.107221e-05,-5.097311e-04,1,1
801,0.269344,-0.017236,2.113171e-04,8.785890e-06,-5.097311e-04,1,1
830,0.269744,-0.025528,2.111133e-04,1.301253e-05,-5.097311e-04,1,1
662,0.272405,-0.012487,2.097565e-04,6.365077e-06,-5.097311e-04,1,1
2,0.272729,-0.005694,2.095916e-04,2.902273e-06,-5.097311e-04,0,1
586,0.272748,-0.016761,2.095820e-04,8.543554e-06,-5.097311e-04,1,1
490,0.273384,-0.012266,2.092578e-04,6.252171e-06,-5.097311e-04,1,1
487,0.274736,-0.023034,2.085688e-04,1.174109e-05,-5.097311e-04,1,1
132,0.278815,-0.022967,2.064825e-04,1.176961e-05,-5.124678e-04,1,1
410,0.281584,-0.005340,2.050637e-04,2.736436e-06,-5.124678e-04,0,1
386,0.282011,-0.009051,2.048452e-04,4.638572e-06,-5.124678e-04,1,1
281,0.283894,-0.005918,2.038800e-04,3.032976e-06,-5.124678e-04,0,1
632,0.284901,-0.014151,2.033637e-04,7.251991e-06,-5.124678e-04,1,1
660,0.285533,-0.018328,2.030402e-04,9.392479e-06,-5.124678e-04,1,1
881,0.286151,-0.017923,2.027234e-04,9.184860e-06,-5.124678e-04,1,1
528,0.288028,-0.010100,2.017585e-04,5.194809e-06,-5.143130e-04,1,1
19,0.288137,-0.026809,2.017022e-04,1.378799e-05,-5.143130e-04,1,1
553,0.291847,-0.010328,1.997941e-04,5.311632e-06,-5.143130e-04,1,1
220,0.294238,0.010145,1.985645e-04,-5.217476e-06,-5.143130e-04,1,1
413,0.300199,-0.000512,1.955023e-04,2.625946e-07,-5.132978e-04,0,1
39,0.301018,-0.011348,1.950821e-04,5.824891e-06,-5.132978e-04,1,1
762,0.301071,0.012249,1.950550e-04,-6.287420e-06,-5.132978e-04,1,1
315,0.302216,-0.013167,1.944674e-04,6.758654e-06,-5.132978e-04,1,1
165,0.302722,-0.009281,1.942077e-04,4.764085e-06,-5.132978e-04,1,1
864,0.303091,-0.019542,1.940183e-04,1.003106e-05,-5.132978e-04,1,1
977,0.306201,-0.037792,1.924218e-04,1.939856e-05,-5.132978e-04,1,1
888,0.306493,-0.007703,1.922719e-04,3.954126e-06,-5.132978e-04,1,1
818,0.309167,-0.012937,1.908939e-04,6.667202e-06,-5.153530e-04,1,1
733,0.310032,-0.030805,1.904479e-04,1.587569e-05,-5.153530e-04,1,1
565,0.313215,-0.018081,1.888075e-04,9.318062e-06,-5.153530e-04,1,1
539,0.313954,-0.019811,1.884267e-04,1.020988e-05,-5.153530e-04,1,1
791,0.314074,-0.011988,1.883649e-04,6.177968e-06,-5.153530e-04,1,1
88,0.314442,-0.019371,1.881752e-04,9.982944e-06,-5.153530e-04,1,1
699,0.314667,-0.015943,1.880593e-04,8.216206e-06,-5.153530e-04,1,1
167,0.315166,0.004804,1.878023e-04,-2.475786e-06,-5.153530e-04,0,1
32,0.318212,-0.014455,1.862303e-04,7.466691e-06,-5.165410e-04,1,1
488,0.318324,0.002503,1.861725e-04,-1.292703e-06,-5.165410e-04,0,1
163,0.319130,-0.022571,1.857562e-04,1.165904e-05,-5.165410e-04,1,1
514,0.321802,-0.020324,1.843762e-04,1.049796e-05,-5.165410e-04,1,1
510,0.323353,-0.011979,1.835748e-04,6.187815e-06,-5.165410e-04,1,1
321,0.324067,-0.008790,1.832062e-04,4.540214e-06,-5.165410e-04,1,1
723,0.327929,-0.007583,1.812154e-04,3.893580e-06,-5.134848e-04,1,1
108,0.328316,-0.012455,1.810167e-04,6.395533e-06,-5.134848e-04,1,1
893,0.330012,-0.003487,1.801455e-04,1.790321e-06,-5.134848e-04,0,1
336,0.331333,-0.023478,1.794675e-04,1.205554e-05,-5.134848e-04,1,1
179,0.334103,0.011680,1.780452e-04,-5.997746e-06,-5.134848e-04,1,1
137,0.334878,-0.018717,1.776470e-04,9.610950e-06,-5.134848e-04,1,1
270,0.334956,-0.001137,1.776069e-04,5.837208e-07,-5.134848e-04,0,1
938,0.336348,-0.013181,1.768923e-04,6.768488e-06,-5.134848e-04,1,1
829,0.336967,-0.018469,1.765757e-04,9.384402e-06,-5.081281e-04,1,1
199,0.338270,-0.027152,1.759139e-04,1.379645e-05,-5.081281e-04,1,1
759,0.338491,-0.008787,1.758017e-04,4.464923e-06,-5.081281e-04,1,1
956,0.339116,-0.012400,1.754842e-04,6.300592e-06,-5.081281e-04,1,1
319,0.340045,-0.017185,1.750118e-04,8.731991e-06,-5.081281e-04,1,1
896,0.342571,-0.017742,1.737286e-04,9.015306e-06,-5.081281e-04,1,1
146,0.347058,-0.028750,1.714515e-04,1.431504e-05,-4.979093e-04,1,1
143,0.347702,-0.014618,1.711313e-04,7.278451e-06,-4.979093e-04,1,1
161,0.353446,-0.009021,1.682709e-04,4.491540e-06,-4.979093e-04,1,1
872,0.354330,-0.030693,1.678309e-04,1.528218e-05,-4.979093e-04,1,1
638,0.354848,-0.029839,1.675729e-04,1.485688e-05,-4.979093e-04,1,1
41,0.361250,-0.015697,1.644503e-04,7.586826e-06,-4.833444e-04,1,1
497,0.361483,-0.019321,1.643378e-04,9.338752e-06,-4.833444e-04,1,1
241,0.363218,-0.018679,1.634992e-04,9.028157e-06,-4.833444e-04,1,1
153,0.367126,-0.015473,1.616157e-04,7.198726e-06,-4.652346e-04,1,1
874,0.373439,-0.018464,1.586786e-04,8.590252e-06,-4.652346e-04,1,1
480,0.376937,-0.019608,1.570521e-04,8.779385e-06,-4.477524e-04,1,1
584,0.378300,-0.016573,1.564419e-04,7.420490e-06,-4.477524e-04,1,1
160,0.380085,-0.028205,1.556423e-04,1.262880e-05,-4.477524e-04,1,1
329,0.380347,-0.012201,1.555251e-04,5.462953e-06,-4.477524e-04,1,1
428,0.384478,-0.008083,1.536756e-04,3.619190e-06,-4.477524e-04,1,1
294,0.385332,-0.015128,1.532931e-04,6.773424e-06,-4.477524e-04,1,1
150,0.385758,-0.016210,1.531023e-04,7.258207e-06,-4.477524e-04,1,1
882,0.388932,-0.023729,1.517126e-04,1.025376e-05,-4.321125e-04,1,1
421,0.389946,-0.001328,1.512745e-04,5.739435e-07,-4.321125e-04,0,1
383,0.390546,-0.024147,1.510150e-04,1.043409e-05,-4.321125e-04,1,1
290,0.390826,-0.020982,1.508940e-04,9.066400e-06,-4.321125e-04,1,1
191,0.391113,-0.010352,1.507700e-04,4.473211e-06,-4.321125e-04,1,1
624,0.391167,-0.002990,1.507468e-04,1.292015e-06,-4.321125e-04,0,1
807,0.392427,-0.023740,1.502021e-04,1.025846e-05,-4.321125e-04,1,1
971,0.405737,-0.026129,1.445916e-04,1.087048e-05,-4.160339e-04,1,1
924,0.407379,-0.007410,1.439124e-04,2.997959e-06,-4.045879e-04,1,1
141,0.409350,-0.006322,1.431149e-04,2.557813e-06,-4.045879e-04,1,1
3,0.412905,-0.004223,1.416768e-04,1.708497e-06,-4.045879e-04,0,1
103,0.413896,-0.027489,1.412757e-04,1.112189e-05,-4.045879e-04,1,1
647,0.415579,-0.020039,1.405948e-04,8.107409e-06,-4.045879e-04,1,1
751,0.416104,-0.033020,1.403824e-04,1.335936e-05,-4.045879e-04,1,1
353,0.417753,-0.021131,1.397169e-04,8.498267e-06,-4.021683e-04,1,1
8,0.418436,-0.024237,1.394421e-04,9.747548e-06,-4.021683e-04,1,1
244,0.418530,-0.031546,1.394045e-04,1.268693e-05,-4.021683e-04,1,1
846,0.420674,-0.016689,1.385419e-04,6.711947e-06,-4.021683e-04,1,1
856,0.424405,-0.027965,1.370418e-04,1.124681e-05,-4.021683e-04,1,1
10,0.428575,-0.024348,1.353637e-04,9.805474e-06,-4.027161e-04,1,1
70,0.431895,-0.016165,1.340267e-04,6.509794e-06,-4.027161e-04,1,1
500,0.432785,-0.010535,1.336684e-04,4.242525e-06,-4.027161e-04,1,1
236,0.433000,-0.040047,1.335816e-04,1.612758e-05,-4.027161e-04,1,1
293,0.435349,-0.011349,1.326359e-04,4.570474e-06,-4.027161e-04,1,1
215,0.436417,-0.012276,1.322058e-04,4.943579e-06,-4.027161e-04,1,1
838,0.438917,-0.010078,1.311913e-04,4.101373e-06,-4.069790e-04,1,1
35,0.439145,-0.032129,1.310986e-04,1.307564e-05,-4.069790e-04,1,1
619,0.444537,-0.017815,1.289043e-04,7.250454e-06,-4.069790e-04,1,1
749,0.446417,-0.034161,1.281390e-04,1.390301e-05,-4.069790e-04,1,1
298,0.449052,-0.012047,1.270533e-04,4.992128e-06,-4.143954e-04,1,1
57,0.451243,-0.023331,1.261453e-04,9.668220e-06,-4.143954e-04,1,1
573,0.452660,-0.022475,1.255581e-04,9.313425e-06,-4.143954e-04,1,1
592,0.453405,-0.015521,1.252495e-04,6.431707e-06,-4.143954e-04,1,1
918,0.454114,-0.024793,1.249555e-04,1.027396e-05,-4.143954e-04,1,1
47,0.454639,-0.009781,1.247382e-04,4.053132e-06,-4.143954e-04,1,1
690,0.456626,-0.024017,1.239149e-04,9.952638e-06,-4.143954e-04,1,1
563,0.457986,-0.023709,1.233440e-04,1.005906e-05,-4.242781e-04,1,1
693,0.459617,-0.014363,1.226521e-04,6.093869e-06,-4.242781e-04,1,1
323,0.461309,0.000322,1.219341e-04,-1.365015e-07,-4.242781e-04,0,1
730,0.462414,-0.018673,1.214655e-04,7.922516e-06,-4.242781e-04,1,1
841,0.463573,-0.013934,1.209736e-04,5.911743e-06,-4.242781e-04,1,1
21,0.464122,-0.022954,1.207408e-04,9.739078e-06,-4.242781e-04,1,1
599,0.466845,-0.017038,1.195854e-04,7.228872e-06,-4.242781e-04,1,1
68,0.466935,-0.017198,1.195473e-04,7.296813e-06,-4.242781e-04,1,1
578,0.467052,-0.035590,1.194975e-04,1.510022e-05,-4.242781e-04,1,1
445,0.467953,-0.014161,1.191103e-04,6.127859e-06,-4.327300e-04,1,1
657,0.472379,-0.021301,1.171950e-04,9.217532e-06,-4.327300e-04,1,1
107,0.473764,-0.019382,1.165955e-04,8.387005e-06,-4.327300e-04,1,1
276,0.474697,-0.019181,1.161918e-04,8.300284e-06,-4.327300e-04,1,1
495,0.475658,-0.015832,1.157762e-04,6.850947e-06,-4.327300e-04,1,1
470,0.475890,-0.023973,1.156758e-04,1.037404e-05,-4.327300e-04,1,1
505,0.476293,-0.026111,1.155013e-04,1.129898e-05,-4.327300e-04,1,1
175,0.477599,-0.013043,1.149357e-04,5.666400e-06,-4.344472e-04,1,1
908,0.480605,-0.015005,1.136297e-04,6.518746e-06,-4.344472e-04,1,1
48,0.486363,-0.018300,1.111281e-04,7.950170e-06,-4.344472e-04,1,1
934,0.487291,-0.017382,1.107251e-04,7.551446e-06,-4.344472e-04,1,1
980,0.487883,-0.013957,1.104711e-04,5.964047e-06,-4.273066e-04,1,1
608,0.493252,-0.039809,1.081769e-04,1.701047e-05,-4.273066e-04,1,1
537,0.497341,-0.026053,1.064296e-04,1.113282e-05,-4.273066e-04,1,1
863,0.497910,-0.004290,1.061918e-04,1.777575e-06,-4.143443e-04,0,1
698,0.503284,-0.013173,1.039651e-04,5.458220e-06,-4.143443e-04,1,1
914,0.508517,-0.023521,1.018113e-04,9.399360e-06,-3.996181e-04,1,1
560,0.510607,-0.019709,1.009764e-04,7.876229e-06,-3.996181e-04,1,1
349,0.511157,-0.024751,1.007566e-04,9.890929e-06,-3.996181e-04,1,1
334,0.512723,-0.012896,1.001306e-04,5.153545e-06,-3.996181e-04,1,1
774,0.513965,-0.016452,9.963432e-05,6.574375e-06,-3.996181e-04,1,1
709,0.519030,-0.005784,9.762981e-05,2.232491e-06,-3.860011e-04,0,1
452,0.520973,-0.032617,9.687991e-05,1.259009e-05,-3.860011e-04,1,1
606,0.522362,-0.030506,9.634364e-05,1.177521e-05,-3.860011e-04,1,1
587,0.522628,-0.031268,9.624093e-05,1.206940e-05,-3.860011e-04,1,1
181,0.524956,-0.031355,9.534244e-05,1.210297e-05,-3.860011e-04,1,1
515,0.528893,-0.015238,9.383879e-05,5.688361e-06,-3.732994e-04,1,1
393,0.529833,-0.004472,9.348766e-05,1.669292e-06,-3.732994e-04,0,1
213,0.529907,-0.016272,9.345996e-05,6.074253e-06,-3.732994e-04,1,1
694,0.531163,-0.016847,9.299120e-05,6.288957e-06,-3.732994e-04,1,1
891,0.532262,-0.017698,9.258114e-05,6.606818e-06,-3.732994e-04,1,1
521,0.538405,-0.017289,9.029737e-05,6.221948e-06,-3.598882e-04,1,1
446,0.538536,-0.019053,9.025045e-05,6.857107e-06,-3.598882e-04,1,1
783,0.543997,-0.016512,8.828478e-05,5.942338e-06,-3.598882e-04,1,1
90,0.546823,-0.021593,8.726788e-05,7.771025e-06,-3.598882e-04,1,1
964,0.547552,-0.023446,8.700562e-05,8.438110e-06,-3.598882e-04,1,1
509,0.548737,-0.030819,8.658949e-05,1.076769e-05,-3.493868e-04,1,1
527,0.548952,-0.022026,8.651459e-05,7.695554e-06,-3.493868e-04,1,1
794,0.550582,-0.033266,8.594480e-05,1.162255e-05,-3.493868e-04,1,1
564,0.552914,-0.010385,8.513034e-05,3.628363e-06,-3.493868e-04,1,1
711,0.553065,-0.023355,8.507739e-05,8.159757e-06,-3.493868e-04,1,1
266,0.561173,-0.005798,8.228569e-05,1.955660e-06,-3.372738e-04,0,1
416,0.561613,-0.006593,8.213719e-05,2.223627e-06,-3.372738e-04,1,1
352,0.563873,-0.013433,8.137497e-05,4.530563e-06,-3.372738e-04,1,1
173,0.564383,-0.018574,8.120280e-05,6.264427e-06,-3.372738e-04,1,1
603,0.567601,-0.008309,8.011772e-05,2.802495e-06,-3.372738e-04,1,1
646,0.567850,-0.048777,8.003370e-05,1.600278e-05,-3.280827e-04,1,1
475,0.569256,-0.024259,7.957241e-05,7.958909e-06,-3.280827e-04,1,1
663,0.570387,-0.027146,7.920126e-05,8.905989e-06,-3.280827e-04,1,1
769,0.572765,-0.003500,7.842128e-05,1.148365e-06,-3.280827e-04,0,1
478,0.574620,0.009238,7.781257e-05,-3.030870e-06,-3.280827e-04,1,1
648,0.576470,-0.023735,7.720573e-05,7.786924e-06,-3.280827e-04,1,1
892,0.576752,-0.010760,7.711295e-05,3.530078e-06,-3.280827e-04,1,1
31,0.579644,-0.002762,7.618037e-05,8.808778e-07,-3.188711e-04,0,1
378,0.580493,0.000654,7.590961e-05,-2.085574e-07,-3.188711e-04,0,1
799,0.584971,-0.020670,7.448199e-05,6.591178e-06,-3.188711e-04,1,1
808,0.586455,-0.008348,7.400865e-05,2.661805e-06,-3.188711e-04,1,1
628,0.587645,-0.020264,7.362915e-05,6.461460e-06,-3.188711e-04,1,1
944,0.589439,-0.002282,7.306341e-05,7.182867e-07,-3.147642e-04,0,1
337,0.589953,-0.023898,7.290145e-05,7.522312e-06,-3.147642e-04,1,1
182,0.594262,-0.031137,7.154505e-05,9.800775e-06,-3.147642e-04,1,1
802,0.595127,-0.019436,7.127300e-05,6.117898e-06,-3.147642e-04,1,1
532,0.596637,-0.020970,7.079754e-05,6.600662e-06,-3.147642e-04,1,1
596,0.599350,-0.022861,6.994063e-05,7.248286e-06,-3.170549e-04,1,1
311,0.600649,-0.009125,6.952874e-05,2.893146e-06,-3.170549e-04,1,1
459,0.601793,-0.031999,6.916594e-05,1.014533e-05,-3.170549e-04,1,1
11,0.602565,-0.024647,6.892134e-05,7.814302e-06,-3.170549e-04,1,1
685,0.605024,-0.012745,6.814160e-05,4.040960e-06,-3.170549e-04,1,1
232,0.605436,-0.019388,6.801108e-05,6.147174e-06,-3.170549e-04,1,1
824,0.606332,-0.024245,6.772701e-05,7.686892e-06,-3.170549e-04,1,1
639,0.608905,-0.032610,6.690650e-05,1.050709e-05,-3.222068e-04,1,1
915,0.609468,-0.016859,6.672507e-05,5.432243e-06,-3.222068e-04,1,1
111,0.610856,-0.019848,6.627812e-05,6.395013e-06,-3.222068e-04,1,1
250,0.610930,-0.032175,6.625401e-05,1.036690e-05,-3.222068e-04,1,1
377,0.611464,-0.017723,6.608220e-05,5.710513e-06,-3.222068e-04,1,1
766,0.612320,-0.019865,6.580622e-05,6.400497e-06,-3.222068e-04,1,1
180,0.615513,-0.013118,6.477736e-05,4.226565e-06,-3.222068e-04,1,1
538,0.623600,-0.008963,6.217586e-05,2.881210e-06,-3.214680e-04,1,1
214,0.625468,-0.022086,6.157534e-05,7.100039e-06,-3.214680e-04,1,1
432,0.627459,-0.021543,6.093545e-05,6.925358e-06,-3.214680e-04,1,1
13,0.628586,-0.037924,6.057444e-05,1.208095e-05,-3.185542e-04,1,1
555,0.631436,-0.022808,5.966651e-05,7.265484e-06,-3.185542e-04,1,1
17,0.634432,-0.015432,5.871203e-05,4.915839e-06,-3.185542e-04,1,1
373,0.634996,-0.008964,5.853240e-05,2.855516e-06,-3.185542e-04,1,1
184,0.635289,-0.020770,5.843896e-05,6.616369e-06,-3.185542e-04,1,1
574,0.635615,-0.010237,5.833506e-05,3.260933e-06,-3.185542e-04,1,1
844,0.637907,-0.016769,5.760510e-05,5.341724e-06,-3.185542e-04,1,1
256,0.638623,-0.005745,5.737989e-05,1.789669e-06,-3.115215e-04,0,1
849,0.642803,-0.023542,5.607793e-05,7.333923e-06,-3.115215e-04,1,1
792,0.644058,-0.015473,5.568698e-05,4.820063e-06,-3.115215e-04,1,1
268,0.644796,-0.022554,5.545711e-05,7.025947e-06,-3.115215e-04,1,1
387,0.645456,0.000616,5.525127e-05,-1.920485e-07,-3.115215e-04,0,1
641,0.650532,-0.001244,5.369713e-05,3.730602e-07,-2.997774e-04,0,1
857,0.651879,-0.013152,5.329335e-05,3.942686e-06,-2.997774e-04,1,1
351,0.652487,-0.003096,5.311093e-05,9.280400e-07,-2.997774e-04,0,1
444,0.654241,-0.030794,5.258515e-05,9.231272e-06,-2.997774e-04,1,1
853,0.656732,-0.005775,5.183845e-05,1.731249e-06,-2.997774e-04,0,1
99,0.657392,-0.019970,5.164050e-05,5.986547e-06,-2.997774e-04,1,1
957,0.658468,-0.013015,5.132029e-05,3.724115e-06,-2.861426e-04,1,1
920,0.658970,-0.006829,5.117679e-05,1.954208e-06,-2.861426e-04,1,1
951,0.662598,-0.013870,5.013868e-05,3.968743e-06,-2.861426e-04,1,1
675,0.662723,-0.025151,5.010299e-05,7.196693e-06,-2.861426e-04,1,1
879,0.674327,-0.004946,4.687647e-05,1.337493e-06,-2.704386e-04,0,1
151,0.676050,-0.013267,4.641038e-05,3.587871e-06,-2.704386e-04,1,1
262,0.677695,-0.049013,4.596568e-05,1.325513e-05,-2.704386e-04,1,1
666,0.679121,-0.019117,4.558845e-05,4.944854e-06,-2.586672e-04,1,1
577,0.681456,-0.008751,4.498456e-05,2.263671e-06,-2.586672e-04,1,1
483,0.681500,-0.014415,4.497318e-05,3.728810e-06,-2.586672e-04,1,1
867,0.682721,-0.013044,4.465728e-05,3.374104e-06,-2.586672e-04,1,1
683,0.683775,-0.011443,4.438478e-05,2.959838e-06,-2.586672e-04,1,1
345,0.683841,-0.014009,4.436755e-05,3.623676e-06,-2.586672e-04,1,1
562,0.684102,-0.007613,4.430003e-05,1.969313e-06,-2.586672e-04,1,1
110,0.687009,-0.035325,4.354826e-05,9.137409e-06,-2.586672e-04,1,1
465,0.688256,-0.018305,4.322567e-05,4.734872e-06,-2.586672e-04,1,1
557,0.692482,-0.020199,4.217894e-05,4.992493e-06,-2.471607e-04,1,1
758,0.699195,-0.024103,4.052842e-05,5.661531e-06,-2.348879e-04,1,1
744,0.701199,-0.010257,4.005767e-05,2.409220e-06,-2.348879e-04,1,1
369,0.702143,-0.023097,3.983600e-05,5.425102e-06,-2.348879e-04,1,1
937,0.704599,-0.008175,3.925904e-05,1.920118e-06,-2.348879e-04,1,1
76,0.708569,-0.014174,3.832681e-05,3.179631e-06,-2.243304e-04,1,1
948,0.711108,-0.015368,3.775722e-05,3.447418e-06,-2.243304e-04,1,1
877,0.711329,-0.012666,3.770776e-05,2.841389e-06,-2.243304e-04,1,1
810,0.714006,-0.016630,3.710715e-05,3.730682e-06,-2.243304e-04,1,1
843,0.716296,-0.010828,3.659345e-05,2.428990e-06,-2.243304e-04,1,1
911,0.716542,-0.012446,3.653826e-05,2.791928e-06,-2.243304e-04,1,1
748,0.719804,-0.020583,3.581553e-05,4.463502e-06,-2.168522e-04,1,1
556,0.722326,-0.019225,3.526855e-05,4.169091e-06,-2.168522e-04,1,1
389,0.723574,-0.020058,3.499793e-05,4.349648e-06,-2.168522e-04,1,1
277,0.725130,-0.020217,3.466054e-05,4.384103e-06,-2.168522e-04,1,1
203,0.726992,-0.003607,3.425681e-05,7.821758e-07,-2.168522e-04,0,1
901,0.728898,-0.017979,3.384482e-05,3.808736e-06,-2.118442e-04,1,1
54,0.734416,-0.003515,3.267578e-05,7.446060e-07,-2.118442e-04,0,1
133,0.735957,-0.009019,3.234943e-05,1.910673e-06,-2.118442e-04,1,1
46,0.736272,-0.018340,3.228253e-05,3.885228e-06,-2.118442e-04,1,1
376,0.736402,-0.005017,3.225518e-05,1.062771e-06,-2.118442e-04,0,1
148,0.736425,-0.008516,3.225014e-05,1.804162e-06,-2.118442e-04,1,1
113,0.737501,0.010925,3.202230e-05,-2.314326e-06,-2.118442e-04,1,1
156,0.738518,0.004998,3.180685e-05,-1.058803e-06,-2.118442e-04,0,1
79,0.740868,-0.033431,3.131196e-05,7.035664e-06,-2.104551e-04,1,1
779,0.741414,-0.007345,3.119714e-05,1.545747e-06,-2.104551e-04,1,1
172,0.741526,-0.014315,3.117347e-05,3.012594e-06,-2.104551e-04,1,1
9,0.742169,-0.008100,3.103820e-05,1.704630e-06,-2.104551e-04,1,1
890,0.742735,-0.005303,3.091915e-05,1.116013e-06,-2.104551e-04,0,1
26,0.743222,-0.024990,3.081664e-05,5.259197e-06,-2.104551e-04,1,1
682,0.745330,-0.018657,3.037301e-05,3.926406e-06,-2.104551e-04,1,1
922,0.745601,-0.012076,3.031593e-05,2.541540e-06,-2.104551e-04,1,1
585,0.746779,-0.010884,3.006799e-05,2.290686e-06,-2.104551e-04,1,1
59,0.747228,-0.003600,2.997359e-05,7.576629e-07,-2.104551e-04,0,1
615,0.753507,-0.011888,2.865260e-05,2.500582e-06,-2.103492e-04,1,1
777,0.755769,-0.015596,2.817669e-05,3.280552e-06,-2.103492e-04,1,1
375,0.755924,-0.020788,2.814412e-05,4.372811e-06,-2.103492e-04,1,1
176,0.757208,-0.012954,2.787411e-05,2.724947e-06,-2.103492e-04,1,1
958,0.758278,-0.007361,2.764899e-05,1.548390e-06,-2.103492e-04,1,1
778,0.759438,-0.013779,2.740484e-05,2.899641e-06,-2.104377e-04,1,1
314,0.760675,0.000041,2.714453e-05,-8.552281e-09,-2.104377e-04,0,1
832,0.763955,-0.022992,2.645429e-05,4.838485e-06,-2.104377e-04,1,1
823,0.765049,-0.016561,2.622420e-05,3.484998e-06,-2.104377e-04,1,1
257,0.768567,-0.019945,2.548379e-05,4.197140e-06,-2.104377e-04,1,1
620,0.772656,-0.020723,2.462698e-05,4.341672e-06,-2.095123e-04,1,1
439,0.773563,-0.013363,2.443683e-05,2.799679e-06,-2.095123e-04,1,1
552,0.774356,-0.001121,2.427084e-05,2.347953e-07,-2.095123e-04,0,1
839,0.780915,-0.014866,2.289979e-05,3.090206e-06,-2.078777e-04,1,1
476,0.784634,-0.006930,2.212678e-05,1.440517e-06,-2.078777e-04,1,1
940,0.784916,-0.025495,2.206805e-05,5.299909e-06,-2.078777e-04,1,1
966,0.785408,-0.019452,2.196590e-05,4.043709e-06,-2.078777e-04,1,1
817,0.788470,-0.003767,2.132936e-05,7.831532e-07,-2.078777e-04,0,1
303,0.788849,-0.006557,2.125051e-05,1.363005e-06,-2.078777e-04,1,1
15,0.790077,-0.018278,2.099612e-05,3.787324e-06,-2.072090e-04,1,1
489,0.790740,-0.003835,2.085862e-05,7.946638e-07,-2.072090e-04,0,1
221,0.796436,-0.031297,1.967836e-05,6.485020e-06,-2.072090e-04,1,1
721,0.800176,-0.029714,1.890444e-05,6.132168e-06,-2.063749e-04,1,1
263,0.800509,-0.022852,1.883563e-05,4.716180e-06,-2.063749e-04,1,1
60,0.801881,-0.017397,1.855251e-05,3.590252e-06,-2.063749e-04,1,1
485,0.803977,-0.026822,1.812007e-05,5.535388e-06,-2.063749e-04,1,1
936,0.806253,-0.022806,1.765024e-05,4.706545e-06,-2.063749e-04,1,1
811,0.812717,-0.016963,1.633676e-05,3.405918e-06,-2.007882e-04,1,1
706,0.812893,-0.025369,1.630154e-05,5.093718e-06,-2.007882e-04,1,1
716,0.813337,-0.011420,1.621237e-05,2.292952e-06,-2.007882e-04,1,1
895,0.814882,-0.006066,1.590212e-05,1.218048e-06,-2.007882e-04,0,1
71,0.818607,0.002848,1.515419e-05,-5.717890e-07,-2.007882e-04,0,1
787,0.818922,-0.007939,1.509098e-05,1.594041e-06,-2.007882e-04,1,1
955,0.819767,-0.001347,1.492962e-05,2.536685e-07,-1.883065e-04,0,1
913,0.822122,0.003289,1.448610e-05,-6.193276e-07,-1.883065e-04,0,1
64,0.825195,-0.004314,1.390741e-05,8.123323e-07,-1.883065e-04,0,1
804,0.830256,-0.016689,1.297340e-05,2.858549e-06,-1.712862e-04,1,1
909,0.836961,0.009467,1.182483e-05,-1.621565e-06,-1.712862e-04,1,1
558,0.838165,-0.008180,1.161870e-05,1.401165e-06,-1.712862e-04,1,1
366,0.839048,-0.009858,1.146739e-05,1.688601e-06,-1.712862e-04,1,1
390,0.845178,-0.020810,1.052500e-05,3.189967e-06,-1.532904e-04,1,1
223,0.853082,-0.027541,9.375348e-06,3.777303e-06,-1.371517e-04,1,1
343,0.853635,-0.016470,9.299540e-06,2.258850e-06,-1.371517e-04,1,1
338,0.854505,-0.007237,9.180215e-06,9.925231e-07,-1.371517e-04,1,1
542,0.856385,-0.005965,8.922367e-06,8.180468e-07,-1.371517e-04,0,1
371,0.861340,-0.005977,8.271717e-06,7.352007e-07,-1.230080e-04,0,1
159,0.862156,-0.004340,8.171280e-06,5.337952e-07,-1.230080e-04,0,1
659,0.865950,-0.012073,7.704563e-06,1.485020e-06,-1.230080e-04,1,1
123,0.866621,-0.024573,7.622017e-06,3.022660e-06,-1.230080e-04,1,1
225,0.869473,0.000471,7.272797e-06,-5.206932e-08,-1.106665e-04,0,1
5,0.871982,-0.012523,6.995122e-06,1.385885e-06,-1.106665e-04,1,1
359,0.873013,-0.018355,6.881031e-06,2.031322e-06,-1.106665e-04,1,1
726,0.873404,-0.009894,6.837743e-06,1.094933e-06,-1.106665e-04,1,1
119,0.873544,-0.002570,6.822257e-06,2.844657e-07,-1.106665e-04,0,1
569,0.874249,-0.013516,6.744256e-06,1.495786e-06,-1.106665e-04,1,1
889,0.877232,0.001274,6.414091e-06,-1.410413e-07,-1.106665e-04,0,1
679,0.882162,0.003307,5.904163e-06,-3.233301e-07,-9.777841e-05,0,1
548,0.886180,-0.005310,5.511319e-06,5.191601e-07,-9.777841e-05,0,1
152,0.888342,-0.015591,5.299956e-06,1.524436e-06,-9.777841e-05,1,1
757,0.891229,-0.006704,5.038832e-06,5.755624e-07,-8.585967e-05,1,1
978,0.899196,-0.023545,4.354833e-06,2.021543e-06,-8.585967e-05,1,1
254,0.900942,-0.022721,4.219165e-06,1.727269e-06,-7.602019e-05,1,1
131,0.903365,-0.006679,4.034962e-06,5.077262e-07,-7.602019e-05,1,1
216,0.909928,-0.014386,3.539616e-06,9.575752e-07,-6.656364e-05,1,1
477,0.910672,-0.003526,3.490060e-06,2.347131e-07,-6.656364e-05,0,1
504,0.912021,-0.012955,3.400322e-06,8.623077e-07,-6.656364e-05,1,1
700,0.912381,-0.011645,3.376336e-06,7.751393e-07,-6.656364e-05,1,1
327,0.915777,0.001779,3.150311e-06,-1.184155e-07,-6.656364e-05,0,1
610,0.916535,0.000492,3.099803e-06,-3.272462e-08,-6.656364e-05,0,1
460,0.920965,0.013982,2.819023e-06,-7.864462e-07,-5.624717e-05,1,1
917,0.925559,-0.003220,2.560674e-06,1.811133e-07,-5.624717e-05,0,1
402,0.925981,-0.004979,2.536937e-06,2.800816e-07,-5.624717e-05,0,1
724,0.926717,-0.003255,2.495537e-06,1.831026e-07,-5.624717e-05,0,1
248,0.927454,0.012680,2.454032e-06,-7.132266e-07,-5.624717e-05,1,1
129,0.929487,-0.009673,2.339708e-06,5.440922e-07,-5.624717e-05,1,1
795,0.929829,0.005844,2.321971e-06,-2.807837e-07,-4.804424e-05,0,1
404,0.930952,-0.008992,2.268007e-06,4.319938e-07,-4.804424e-05,1,1
531,0.935066,-0.020621,2.070328e-06,9.907303e-07,-4.804424e-05,1,1
826,0.935664,0.011681,2.041638e-06,-5.611827e-07,-4.804424e-05,1,1
519,0.936286,0.003506,2.011745e-06,-1.684388e-07,-4.804424e-05,0,1
92,0.938733,-0.010702,1.894191e-06,5.141504e-07,-4.804424e-05,1,1
86,0.939576,0.005474,1.853690e-06,-2.630069e-07,-4.804424e-05,0,1
144,0.939897,-0.001015,1.839245e-06,4.359925e-08,-4.296397e-05,0,1
74,0.940122,-0.029659,1.829584e-06,1.274259e-06,-4.296397e-05,1,1
990,0.943104,-0.001222,1.701467e-06,5.250461e-08,-4.296397e-05,0,1
737,0.944794,0.006647,1.628844e-06,-2.855730e-07,-4.296397e-05,1,1
38,0.948185,-0.016034,1.483177e-06,6.888878e-07,-4.296397e-05,1,1
28,0.951115,-0.008535,1.362446e-06,3.345833e-07,-3.919934e-05,1,1
458,0.951171,-0.008062,1.360220e-06,3.160417e-07,-3.919934e-05,1,1
385,0.951238,-0.001041,1.357619e-06,4.082375e-08,-3.919934e-05,0,1
170,0.953497,-0.011213,1.269037e-06,4.395473e-07,-3.919934e-05,1,1
904,0.953661,-0.000432,1.262632e-06,1.692067e-08,-3.919934e-05,0,1
534,0.959341,-0.008353,1.039971e-06,3.274369e-07,-3.919934e-05,1,1
869,0.959799,0.018214,1.022022e-06,-6.341991e-07,-3.481920e-05,1,1
731,0.961840,-0.011435,9.509470e-07,3.981424e-07,-3.481920e-05,1,1
422,0.967134,-0.003784,7.666277e-07,1.317506e-07,-3.481920e-05,0,1
813,0.967135,0.000660,7.666047e-07,-2.298753e-08,-3.481920e-05,0,1
828,0.967877,-0.005439,7.407439e-07,1.893859e-07,-3.481920e-05,0,1
568,0.967969,-0.019902,7.375546e-07,6.929805e-07,-3.481920e-05,1,1
782,0.970157,0.002704,6.628651e-07,-8.097157e-08,-2.994291e-05,0,1
128,0.973289,0.000075,5.690855e-07,-2.231382e-09,-2.994291e-05,0,1
52,0.974905,-0.007591,5.207012e-07,2.272975e-07,-2.994291e-05,1,1
288,0.975703,0.002017,4.968104e-07,-6.040785e-08,-2.994291e-05,0,1
295,0.982245,-0.007395,3.173259e-07,1.697347e-07,-2.295118e-05,1,1
593,0.983736,0.002919,2.830846e-07,-6.698897e-08,-2.295118e-05,0,1
368,0.984345,0.000583,2.691185e-07,-1.338611e-08,-2.295118e-05,0,1
342,0.985051,0.002081,2.529055e-07,-4.777231e-08,-2.295118e-05,0,1
320,0.988310,0.000724,1.781125e-07,-1.662512e-08,-2.295118e-05,0,1
419,0.989754,0.000484,1.449728e-07,-1.110069e-08,-2.295118e-05,0,1
947,0.990747,-0.007087,1.293386e-07,9.906375e-08,-1.397791e-05,1,1
37,0.992308,-0.019734,1.075164e-07,2.758417e-07,-1.397791e-05,1,1
616,0.992687,0.000960,1.022141e-07,-1.341906e-08,-1.397791e-05,0,1
431,0.993020,-0.020517,9.757194e-08,2.867790e-07,-1.397791e-05,1,1
658,0.996731,0.001921,4.569792e-08,-2.684767e-08,-1.397791e-05,0,1
168,0.998782,-0.002476,1.701998e-08,3.460570e-08,-1.397791e-05,0,1
